Tiempo,kalmanPitch,kalmanRoll,kalmanYaw,ax_inertial,ay_inertial,az_inertial,vx,vy,vz,px,py,pz
0.02,12.09,10.69,42.83,5.13,-0.26,-1.61,85.92,-6.23,-33.41,726.05,-54.43,-341.69
0.04,12.17,10.61,42.83,5.13,-0.25,-1.61,86.18,-6.24,-33.49,730.36,-54.74,-343.36
0.06,12.22,10.56,39.92,5.13,-0.34,-1.61,86.43,-6.26,-33.57,734.68,-55.05,-345.04
0.08,12.25,10.53,39.92,5.12,-0.4,-1.61,86.69,-6.28,-33.65,739.02,-55.36,-346.72
0.1,12.27,10.52,40.82,5.12,-0.41,-1.61,86.94,-6.3,-33.73,743.36,-55.68,-348.41
0.12000000000000001,12.28,10.51,40.82,5.13,-0.41,-1.61,87.2,-6.32,-33.81,747.72,-56.0,-350.1
0.14,12.29,10.59,40.82,5.14,-0.43,-1.61,87.46,-6.34,-33.9,752.1,-56.31,-351.79
0.16,12.29,10.64,40.82,5.14,-0.43,-1.62,87.72,-6.36,-33.98,756.48,-56.63,-353.49
0.18,12.21,10.58,40.82,5.13,-0.44,-1.61,87.97,-6.39,-34.06,760.88,-56.95,-355.2
0.19999999999999998,12.11,10.47,40.82,5.1,-0.43,-1.59,88.23,-6.41,-34.14,765.29,-57.27,-356.9
0.21999999999999997,12.16,10.67,40.82,5.13,-0.45,-1.62,88.48,-6.43,-34.22,769.72,-57.59,-358.61
0.23999999999999996,12.19,10.79,42.06,5.16,-0.42,-1.63,88.74,-6.45,-34.3,774.15,-57.91,-360.33
0.25999999999999995,13.5,11.29,42.06,5.39,-0.35,-1.78,89.01,-6.47,-34.39,778.6,-58.24,-362.05
0.27999999999999997,14.3,11.59,40.05,5.55,-0.4,-1.88,89.29,-6.49,-34.48,783.07,-58.56,-363.77
0.3,14.79,11.78,40.05,5.65,-0.44,-1.95,89.57,-6.51,-34.58,787.55,-58.89,-365.5
0.32,15.25,11.82,40.05,5.73,-0.46,-2.01,89.86,-6.53,-34.68,792.04,-59.21,-367.23
0.34,12.26,10.53,40.05,5.25,-0.54,-1.61,90.12,-6.56,-34.76,796.55,-59.54,-368.97
0.36000000000000004,10.09,10.2,40.05,4.94,-0.63,-1.36,90.37,-6.59,-34.83,801.06,-59.87,-370.71
0.38000000000000006,8.95,9.98,40.05,4.74,-0.7,-1.19,90.6,-6.63,-34.89,805.59,-60.2,-372.46
0.4000000000000001,8.18,9.7,40.05,4.58,-0.74,-1.05,90.83,-6.66,-34.94,810.14,-60.54,-374.21
0.4200000000000001,9.38,8.37,40.05,4.54,-0.53,-1.01,91.06,-6.69,-34.99,814.69,-60.87,-375.96
0.4400000000000001,10.11,7.56,37.56,4.5,-0.49,-0.98,91.29,-6.71,-35.04,819.25,-61.21,-377.71
0.46000000000000013,10.56,7.07,33.64,4.45,-0.6,-0.96,91.51,-6.75,-35.09,823.83,-61.54,-379.46
0.48000000000000015,10.83,6.77,33.64,4.41,-0.68,-0.94,91.73,-6.78,-35.13,828.42,-61.88,-381.22
0.5000000000000001,12.13,6.39,33.64,4.5,-0.65,-1.01,91.95,-6.81,-35.18,833.01,-62.22,-382.98
0.5200000000000001,12.75,7.77,33.64,4.69,-0.86,-1.18,92.19,-6.85,-35.24,837.62,-62.57,-384.74
0.5400000000000001,12.91,8.34,33.64,4.77,-0.91,-1.28,92.43,-6.9,-35.31,842.24,-62.91,-386.5
0.5600000000000002,13.3,8.94,33.64,4.85,-0.95,-1.45,92.67,-6.95,-35.38,846.88,-63.26,-388.27
0.5800000000000002,12.56,11.57,33.64,4.94,-1.41,-1.66,92.92,-7.02,-35.46,851.52,-63.61,-390.05
0.6000000000000002,0.0,0.0,0.0,0.0,0.0,0.0,0.0,0.0,0.0,0.0,0.0,0.0
0.6200000000000002,0.0,0.0,37.28,0.0,0.0,-9.81,0.0,0.0,-0.49,0.0,0.0,-0.02
0.6400000000000002,0.0,0.0,37.28,0.0,0.0,-9.81,0.0,0.0,-0.49,0.0,0.0,-0.02
0.6600000000000003,0.04,-0.05,37.28,0.0,0.0,-9.81,0.0,0.0,-0.98,0.0,0.0,-0.07
0.6800000000000003,0.04,-0.05,37.28,0.0,0.0,-9.81,0.0,0.0,-0.98,0.0,0.0,-0.07
0.7000000000000003,0.06,-0.08,35.16,0.0,0.0,-9.81,0.0,0.0,-1.47,0.0,0.0,-0.15
0.7200000000000003,0.06,-0.08,35.16,0.0,0.0,-9.81,0.0,0.0,-1.47,0.0,0.0,-0.15
0.7400000000000003,0.05,-0.06,35.16,0.0,0.0,-9.81,0.0,0.0,-1.96,0.0,0.0,-0.25
0.7600000000000003,0.05,-0.06,35.16,0.0,0.0,-9.81,0.0,0.0,-1.96,0.0,0.0,-0.25
0.7800000000000004,0.03,-0.03,35.16,0.0,0.0,-9.81,0.0,0.0,-2.45,0.0,0.0,-0.37
0.8000000000000004,0.03,-0.03,35.16,0.0,0.0,-9.81,0.0,0.0,-2.45,0.0,0.0,-0.37
0.8200000000000004,0.02,-0.02,35.16,0.0,0.0,-9.81,0.0,0.0,-2.94,0.0,0.0,-0.52
0.8400000000000004,0.02,-0.02,35.16,0.0,0.0,-9.81,0.0,0.0,-2.94,0.0,0.0,-0.52
0.8600000000000004,5.65,2.89,35.16,0.34,-0.12,-8.91,0.02,-0.01,-3.39,0.0,-0.0,-0.68
0.8800000000000004,5.65,2.89,35.16,0.34,-0.12,-8.91,0.02,-0.01,-3.39,0.0,-0.0,-0.68
0.9000000000000005,9.18,4.67,35.16,0.76,-0.21,-8.14,0.06,-0.02,-3.8,0.0,-0.0,-0.87
0.9200000000000005,11.33,5.75,33.95,1.19,-0.3,-7.47,0.11,-0.03,-4.17,0.01,-0.0,-1.08
0.9400000000000005,12.65,6.42,34.25,1.58,-0.37,-6.88,0.19,-0.05,-4.51,0.02,-0.01,-1.31
0.9600000000000005,13.45,6.82,34.25,1.94,-0.43,-6.35,0.29,-0.07,-4.83,0.03,-0.01,-1.55
0.9800000000000005,13.76,7.07,34.25,2.24,-0.49,-5.87,0.4,-0.1,-5.12,0.05,-0.01,-1.81
1.0000000000000004,13.96,7.22,34.25,2.51,-0.55,-5.43,0.53,-0.12,-5.4,0.08,-0.02,-2.08
1.0200000000000005,14.08,7.32,34.25,2.75,-0.6,-5.04,0.67,-0.15,-5.65,0.11,-0.03,-2.36
1.0400000000000005,14.24,7.38,34.25,2.97,-0.64,-4.68,0.81,-0.19,-5.88,0.15,-0.04,-2.65
1.0600000000000005,14.33,7.42,34.25,3.17,-0.68,-4.36,0.97,-0.22,-6.1,0.2,-0.05,-2.96
1.0800000000000005,14.38,7.44,36.79,3.36,-0.65,-4.08,1.14,-0.25,-6.3,0.26,-0.06,-3.27
1.1000000000000005,14.42,7.45,33.69,3.51,-0.72,-3.82,1.32,-0.29,-6.49,0.33,-0.07,-3.6
1.1200000000000006,14.44,7.46,31.58,3.63,-0.82,-3.58,1.5,-0.33,-6.67,0.4,-0.09,-3.93
1.1400000000000006,14.45,7.47,31.58,3.75,-0.9,-3.37,1.68,-0.37,-6.84,0.48,-0.11,-4.27
1.1600000000000006,14.46,7.56,31.58,3.86,-0.96,-3.19,1.88,-0.42,-7.0,0.58,-0.13,-4.62
1.1800000000000006,14.47,7.61,31.58,3.96,-1.01,-3.02,2.08,-0.47,-7.15,0.68,-0.15,-4.98
1.2000000000000006,14.47,7.56,31.58,4.04,-1.04,-2.86,2.28,-0.52,-7.3,0.8,-0.18,-5.35
1.2200000000000006,14.47,7.53,31.58,4.12,-1.06,-2.72,2.48,-0.58,-7.43,0.92,-0.21,-5.72
1.2400000000000007,14.47,7.51,31.58,4.19,-1.08,-2.59,2.69,-0.63,-7.56,1.06,-0.24,-6.1
1.2600000000000007,14.39,7.58,31.58,4.25,-1.12,-2.48,2.91,-0.69,-7.68,1.2,-0.28,-6.48
1.2800000000000007,14.42,7.63,31.58,4.32,-1.13,-2.38,3.12,-0.74,-7.8,1.36,-0.31,-6.87
1.3000000000000007,14.44,7.66,35.43,4.41,-1.04,-2.3,3.34,-0.8,-7.92,1.52,-0.35,-7.27
1.3200000000000007,14.46,7.67,34.35,4.47,-1.01,-2.22,3.57,-0.85,-8.03,1.7,-0.4,-7.67
1.3400000000000007,14.46,7.68,34.35,4.52,-1.0,-2.14,3.79,-0.9,-8.14,1.89,-0.44,-8.07
1.3600000000000008,14.47,7.69,34.35,4.56,-0.99,-2.08,4.02,-0.95,-8.24,2.09,-0.49,-8.49
1.3800000000000008,14.47,7.69,34.35,4.6,-0.99,-2.02,4.25,-1.0,-8.34,2.3,-0.54,-8.9
1.4000000000000008,14.47,7.69,34.35,4.64,-0.99,-1.97,4.48,-1.04,-8.44,2.53,-0.59,-9.32
1.4200000000000008,14.38,7.69,34.35,4.66,-0.99,-1.91,4.71,-1.09,-8.54,2.76,-0.64,-9.75
1.4400000000000008,14.33,7.69,34.35,4.68,-1.0,-1.86,4.95,-1.14,-8.63,3.01,-0.7,-10.18
1.4600000000000009,14.29,7.69,33.36,4.69,-1.03,-1.82,5.18,-1.2,-8.72,3.27,-0.76,-10.62
1.4800000000000009,14.27,7.68,34.25,4.71,-1.03,-1.79,5.42,-1.25,-8.81,3.54,-0.82,-11.06
1.5000000000000009,14.35,7.68,34.25,4.74,-1.02,-1.76,5.65,-1.3,-8.9,3.82,-0.89,-11.5
1.520000000000001,14.39,7.68,34.25,4.76,-1.01,-1.73,5.89,-1.35,-8.98,4.12,-0.96,-11.95
1.540000000000001,14.33,7.68,34.25,4.77,-1.02,-1.7,6.13,-1.4,-9.07,4.43,-1.03,-12.41
1.560000000000001,14.3,7.68,34.25,4.78,-1.02,-1.68,6.37,-1.45,-9.15,4.74,-1.1,-12.86
1.580000000000001,14.29,7.68,34.25,4.79,-1.02,-1.66,6.61,-1.5,-9.24,5.08,-1.17,-13.33
1.600000000000001,14.27,7.68,34.25,4.8,-1.02,-1.64,6.85,-1.55,-9.32,5.42,-1.25,-13.79
1.620000000000001,14.26,7.69,34.25,4.81,-1.03,-1.62,7.09,-1.6,-9.4,5.77,-1.33,-14.26
1.640000000000001,14.26,7.69,34.25,4.81,-1.03,-1.61,7.33,-1.66,-9.48,6.14,-1.41,-14.74
1.660000000000001,14.26,7.69,34.25,4.82,-1.03,-1.59,7.57,-1.71,-9.56,6.52,-1.5,-15.21
1.680000000000001,14.25,7.69,32.71,4.82,-1.08,-1.58,7.81,-1.76,-9.64,6.91,-1.59,-15.7
1.700000000000001,14.25,7.69,33.16,4.82,-1.09,-1.57,8.05,-1.82,-9.72,7.31,-1.68,-16.18
1.720000000000001,14.34,7.69,33.16,4.83,-1.1,-1.56,8.3,-1.87,-9.79,7.73,-1.77,-16.67
1.740000000000001,14.39,7.69,33.16,4.85,-1.1,-1.56,8.54,-1.93,-9.87,8.15,-1.87,-17.17
1.7600000000000011,14.34,7.69,33.16,4.84,-1.11,-1.55,8.78,-1.98,-9.95,8.59,-1.97,-17.66
1.7800000000000011,14.31,7.69,33.16,4.84,-1.12,-1.54,9.02,-2.04,-10.03,9.04,-2.07,-18.16
1.8000000000000012,14.29,7.69,33.16,4.84,-1.12,-1.53,9.26,-2.09,-10.1,9.51,-2.17,-18.67
1.8200000000000012,14.27,7.69,33.16,4.84,-1.12,-1.52,9.51,-2.15,-10.18,9.98,-2.28,-19.18
1.8400000000000012,14.26,7.7,35.16,4.86,-1.06,-1.52,9.75,-2.2,-10.25,10.47,-2.39,-19.69
1.8600000000000012,14.26,7.7,30.6,4.84,-1.17,-1.51,9.99,-2.26,-10.33,10.97,-2.5,-20.21
1.8800000000000012,14.34,7.7,30.6,4.83,-1.23,-1.51,10.23,-2.32,-10.41,11.48,-2.62,-20.73
1.9000000000000012,14.39,7.7,29.04,4.82,-1.32,-1.51,10.47,-2.39,-10.48,12.0,-2.74,-21.25
1.9200000000000013,14.33,7.7,29.04,4.8,-1.38,-1.5,10.71,-2.46,-10.56,12.54,-2.86,-21.78
1.9400000000000013,14.3,7.7,29.04,4.79,-1.42,-1.5,10.95,-2.53,-10.63,13.09,-2.99,-22.31
1.9600000000000013,14.29,7.7,29.04,4.78,-1.44,-1.5,11.19,-2.6,-10.71,13.65,-3.12,-22.85
1.9800000000000013,14.27,7.7,29.04,4.77,-1.46,-1.49,11.43,-2.67,-10.78,14.22,-3.25,-23.39
2.0000000000000013,14.26,7.7,29.04,4.77,-1.46,-1.49,11.67,-2.75,-10.86,14.8,-3.39,-23.93
2.0200000000000014,14.25,7.69,36.69,4.84,-1.21,-1.49,11.91,-2.81,-10.93,15.4,-3.53,-24.47
2.0400000000000014,14.25,7.69,36.69,4.88,-1.06,-1.48,12.16,-2.86,-11.0,16.0,-3.67,-25.02
2.0600000000000014,14.25,7.69,35.43,4.89,-1.01,-1.48,12.4,-2.91,-11.08,16.62,-3.82,-25.58
2.0800000000000014,14.25,7.69,35.15,4.89,-0.99,-1.48,12.64,-2.96,-11.15,17.26,-3.97,-26.14
2.1000000000000014,14.25,7.69,35.66,4.9,-0.96,-1.48,12.89,-3.01,-11.23,17.9,-4.12,-26.7
2.1200000000000014,14.33,7.68,35.66,4.91,-0.93,-1.48,13.13,-3.05,-11.3,18.56,-4.27,-27.26
2.1400000000000015,14.21,7.69,35.66,4.9,-0.93,-1.47,13.38,-3.1,-11.37,19.23,-4.43,-27.83
2.1600000000000015,14.15,7.69,35.66,4.89,-0.93,-1.47,13.62,-3.15,-11.45,19.91,-4.58,-28.4
2.1800000000000015,14.11,7.61,35.66,4.88,-0.91,-1.46,13.87,-3.19,-11.52,20.6,-4.74,-28.98
2.2000000000000015,14.08,7.56,35.66,4.87,-0.91,-1.45,14.11,-3.24,-11.59,21.31,-4.9,-29.56
2.2200000000000015,14.24,7.61,35.66,4.89,-0.9,-1.47,14.36,-3.28,-11.67,22.02,-5.07,-30.14
2.2400000000000015,14.33,7.64,33.69,4.9,-0.97,-1.47,14.6,-3.33,-11.74,22.75,-5.23,-30.73
2.2600000000000016,14.39,7.57,33.69,4.89,-1.0,-1.47,14.85,-3.38,-11.81,23.5,-5.4,-31.32
2.2800000000000016,14.43,7.53,31.58,4.87,-1.09,-1.47,15.09,-3.44,-11.89,24.25,-5.58,-31.91
2.3000000000000016,14.45,7.5,31.58,4.86,-1.14,-1.47,15.33,-3.49,-11.96,25.02,-5.75,-32.51
2.3200000000000016,14.45,7.49,31.58,4.85,-1.18,-1.47,15.58,-3.55,-12.03,25.8,-5.93,-33.11
2.3400000000000016,14.37,7.58,31.58,4.84,-1.22,-1.47,15.82,-3.61,-12.11,26.59,-6.11,-33.72
2.3600000000000017,14.32,8.24,31.58,4.9,-1.31,-1.51,16.06,-3.68,-12.18,27.39,-6.29,-34.33
2.3800000000000017,13.65,9.65,31.58,4.96,-1.47,-1.57,16.31,-3.75,-12.26,28.21,-6.48,-34.94
2.4000000000000017,13.12,11.29,31.58,4.81,-2.26,-1.66,16.55,-3.86,-12.34,29.03,-6.67,-35.56
2.4200000000000017,4.03,13.56,31.58,3.57,-3.03,-1.02,16.73,-4.02,-12.39,29.87,-6.87,-36.18
2.4400000000000017,-1.5,14.95,18.9,2.42,-3.58,-0.58,16.85,-4.2,-12.42,30.71,-7.08,-36.8
2.4600000000000017,-4.88,15.79,15.44,1.58,-3.76,-0.23,16.93,-4.38,-12.44,31.56,-7.3,-37.42
2.4800000000000018,-6.94,16.31,15.44,1.06,-3.74,0.08,16.98,-4.57,-12.43,32.41,-7.53,-38.04
2.5000000000000018,-3.18,6.49,15.44,0.99,-2.04,0.49,17.03,-4.67,-12.41,33.26,-7.77,-38.66
2.520000000000002,3.91,0.82,15.44,1.81,-1.21,0.43,17.12,-4.73,-12.39,34.12,-8.0,-39.28
2.540000000000002,10.97,-4.64,15.44,2.72,-0.12,0.24,17.26,-4.74,-12.37,34.98,-8.24,-39.9
2.560000000000002,11.91,-10.18,15.44,2.41,0.88,0.23,17.38,-4.7,-12.36,35.85,-8.47,-40.52
2.580000000000002,12.16,-12.13,15.44,2.14,1.03,0.25,17.49,-4.64,-12.35,36.72,-8.71,-41.14
2.600000000000002,19.75,-5.97,15.44,3.46,-0.02,-0.09,17.66,-4.65,-12.35,37.61,-8.94,-41.75
2.620000000000002,24.38,-2.2,8.93,4.09,-0.91,-0.39,17.86,-4.69,-12.37,38.5,-9.17,-42.37
2.640000000000002,27.2,0.09,8.93,4.35,-1.53,-0.6,18.08,-4.77,-12.4,39.4,-9.41,-42.99
2.660000000000002,28.92,1.48,7.92,4.42,-1.99,-0.71,18.3,-4.87,-12.44,40.32,-9.65,-43.62
2.680000000000002,29.97,2.34,7.92,4.4,-2.29,-0.77,18.52,-4.98,-12.48,41.24,-9.9,-44.24
2.700000000000002,23.03,-1.59,7.92,3.2,-1.68,-0.15,18.68,-5.07,-12.49,42.18,-10.16,-44.86
2.720000000000002,0.89,-10.22,7.92,-1.23,-0.01,0.12,18.62,-5.07,-12.48,43.11,-10.41,-45.49
2.740000000000002,-11.05,-14.34,7.92,-3.67,0.92,-0.68,18.44,-5.02,-12.51,44.03,-10.66,-46.11
2.760000000000002,-16.16,-18.92,7.92,-4.79,2.02,-1.49,18.2,-4.92,-12.59,44.94,-10.91,-46.74
2.780000000000002,-19.12,-20.44,7.92,-5.33,2.81,-2.11,17.93,-4.78,-12.69,45.84,-11.15,-47.38
2.800000000000002,-12.43,-25.75,7.92,-4.73,3.81,-2.07,17.69,-4.59,-12.8,46.72,-11.38,-48.02
2.820000000000002,-9.47,-28.95,7.92,-4.8,4.51,-2.11,17.45,-4.36,-12.9,47.59,-11.59,-48.66
2.840000000000002,-7.67,-30.9,3.88,-4.86,5.12,-2.15,17.21,-4.11,-13.01,48.45,-11.8,-49.31
2.860000000000002,-6.57,-32.09,6.78,-5.14,5.44,-2.17,16.95,-3.83,-13.12,49.3,-11.99,-49.97
2.880000000000002,-5.9,-32.81,6.78,-5.43,5.67,-2.19,16.68,-3.55,-13.23,50.14,-12.17,-50.63
2.900000000000002,-5.09,-17.9,6.78,-4.9,3.33,-1.17,16.44,-3.38,-13.29,50.96,-12.34,-51.29
2.920000000000002,-4.53,-12.77,6.78,-4.49,2.24,-1.09,16.21,-3.27,-13.34,51.77,-12.5,-51.96
2.940000000000002,-5.29,-10.27,6.78,-4.2,1.78,-1.25,16.0,-3.18,-13.4,52.57,-12.66,-52.63
2.960000000000002,-6.54,-15.25,6.78,-4.39,2.61,-1.45,15.78,-3.05,-13.48,53.36,-12.81,-53.31
2.980000000000002,-5.37,-19.62,6.78,-4.2,3.39,-1.54,15.57,-2.88,-13.55,54.14,-12.96,-53.98
3.000000000000002,-4.65,-22.29,17.67,-4.35,3.58,-1.61,15.36,-2.71,-13.63,54.9,-13.09,-54.66
3.0200000000000022,-4.22,-23.92,17.94,-4.47,3.71,-1.65,15.13,-2.52,-13.72,55.66,-13.22,-55.35
3.0400000000000023,-3.95,-24.91,17.67,-4.53,3.83,-1.67,14.91,-2.33,-13.8,56.41,-13.33,-56.04
3.0600000000000023,-3.79,-25.51,17.67,-4.57,3.93,-1.66,14.68,-2.13,-13.88,57.14,-13.44,-56.73
3.0800000000000023,-8.26,-16.58,17.67,-4.56,2.69,-1.37,14.45,-2.0,-13.95,57.86,-13.54,-57.43
3.1000000000000023,-10.99,-11.14,17.67,-4.44,1.99,-1.28,14.23,-1.9,-14.02,58.57,-13.64,-58.13
3.1200000000000023,-10.16,-12.09,17.67,-4.17,2.25,-1.34,14.02,-1.78,-14.08,59.28,-13.73,-58.84
3.1400000000000023,-10.73,-5.22,17.67,-3.87,1.23,-1.12,13.83,-1.72,-14.14,59.97,-13.81,-59.54
3.1600000000000024,-11.33,-1.79,17.67,-3.69,0.74,-1.09,13.64,-1.69,-14.19,60.65,-13.9,-60.25
3.1800000000000024,-10.97,-4.51,17.67,-3.86,1.19,-1.09,13.45,-1.63,-14.25,61.32,-13.98,-60.97
3.2000000000000024,-11.99,-7.14,17.67,-4.22,1.6,-1.3,13.24,-1.55,-14.31,61.98,-14.05,-61.68
3.2200000000000024,-12.61,-8.75,12.94,-4.41,2.0,-1.45,13.02,-1.45,-14.38,62.63,-14.13,-62.4
3.2400000000000024,-12.99,-9.72,9.08,-4.48,2.39,-1.56,12.79,-1.33,-14.46,63.27,-14.19,-63.12
3.2600000000000025,-13.22,-10.32,10.16,-4.56,2.61,-1.64,12.57,-1.2,-14.54,63.9,-14.25,-63.85
3.2800000000000025,-16.67,-13.23,10.16,-5.08,3.09,-2.33,12.31,-1.04,-14.66,64.52,-14.31,-64.58
3.3000000000000025,-17.27,-16.73,10.16,-5.25,3.56,-2.86,12.05,-0.87,-14.8,65.12,-14.35,-65.32
3.3200000000000025,-18.7,-18.68,10.16,-5.51,3.74,-3.34,11.77,-0.68,-14.97,65.71,-14.38,-66.07
3.3400000000000025,-26.03,-14.62,10.16,-6.11,3.16,-3.99,11.47,-0.52,-15.17,66.28,-14.41,-66.83
3.3600000000000025,-31.22,-12.05,10.16,-6.37,2.97,-4.56,11.15,-0.37,-15.4,66.84,-14.43,-67.6
3.3800000000000026,-34.58,-10.57,10.16,-6.44,2.97,-4.99,10.83,-0.22,-15.65,67.38,-14.44,-68.38
3.4000000000000026,-34.87,-10.8,10.16,-6.45,3.3,-5.08,10.5,-0.06,-15.9,67.91,-14.44,-69.18
3.4200000000000026,-37.1,-11.47,10.16,-6.6,3.68,-5.45,10.17,0.13,-16.17,68.41,-14.43,-69.99
3.4400000000000026,-38.46,-11.87,15.45,-6.81,3.75,-5.72,9.83,0.31,-16.46,68.91,-14.42,-70.81
3.4600000000000026,-39.29,-12.12,15.45,-6.94,3.86,-5.91,9.49,0.51,-16.76,69.38,-14.39,-71.65
3.4800000000000026,-36.55,-12.37,15.45,-6.82,3.94,-5.66,9.15,0.7,-17.04,69.84,-14.36,-72.5
3.5000000000000027,-34.81,-11.3,15.45,-6.76,3.89,-5.38,8.81,0.9,-17.31,70.28,-14.31,-73.37
3.5200000000000027,-33.07,-11.24,15.45,-6.64,3.99,-5.17,8.48,1.1,-17.57,70.7,-14.26,-74.24
3.5400000000000027,-32.56,-10.87,15.45,-6.6,4.06,-5.07,8.14,1.3,-17.82,71.11,-14.19,-75.13
3.5600000000000027,-34.21,-14.34,15.45,-6.71,4.56,-5.65,7.81,1.53,-18.1,71.5,-14.12,-76.04
3.5800000000000027,-33.69,-17.64,15.45,-6.74,5.03,-6.01,7.47,1.78,-18.4,71.87,-14.03,-76.96
3.6000000000000028,-33.37,-19.66,10.57,-6.62,5.53,-6.26,7.14,2.06,-18.72,72.23,-13.93,-77.9
3.6200000000000028,-33.18,-20.89,14.84,-6.75,5.66,-6.45,6.8,2.34,-19.04,72.57,-13.81,-78.85
3.640000000000003,-33.06,-21.64,13.48,-6.81,5.81,-6.6,6.46,2.63,-19.37,72.89,-13.68,-79.82
3.660000000000003,-32.99,-22.1,13.48,-6.88,5.91,-6.71,6.12,2.93,-19.7,73.2,-13.53,-80.8
3.680000000000003,-36.54,-18.68,13.48,-7.08,5.59,-6.8,5.77,3.21,-20.04,73.49,-13.37,-81.8
3.700000000000003,-38.92,-16.9,13.48,-7.27,5.3,-6.95,5.4,3.47,-20.39,73.76,-13.2,-82.82
3.720000000000003,-37.71,-15.91,13.48,-7.3,5.17,-6.7,5.04,3.73,-20.73,74.01,-13.01,-83.86
3.740000000000003,-37.25,-14.76,13.48,-7.34,5.05,-6.52,4.67,3.98,-21.05,74.24,-12.81,-84.91
3.760000000000003,-36.96,-14.06,20.78,-7.59,4.63,-6.41,4.29,4.21,-21.37,74.46,-12.6,-85.98
3.780000000000003,-36.79,-13.63,22.39,-7.78,4.29,-6.33,3.9,4.43,-21.69,74.65,-12.38,-87.06
3.800000000000003,-32.91,-14.89,22.39,-7.64,4.2,-6.02,3.52,4.64,-21.99,74.83,-12.15,-88.16
3.820000000000003,-30.54,-15.66,27.26,-7.69,3.87,-5.83,3.13,4.83,-22.28,74.99,-11.91,-89.28
3.840000000000003,-29.1,-16.13,27.26,-7.7,3.64,-5.7,2.75,5.01,-22.57,75.12,-11.66,-90.41
3.860000000000003,-28.77,-13.58,27.26,-7.79,2.97,-5.38,2.36,5.16,-22.84,75.24,-11.4,-91.55
3.880000000000003,-23.5,-21.91,27.26,-7.58,3.52,-5.96,1.98,5.34,-23.13,75.34,-11.13,-92.71
3.900000000000003,-21.68,-28.08,27.26,-7.68,3.49,-6.62,1.6,5.51,-23.46,75.42,-10.85,-93.88
3.920000000000003,-18.82,-33.19,27.26,-7.62,3.59,-7.05,1.22,5.69,-23.82,75.48,-10.57,-95.07
3.940000000000003,-17.66,-37.29,27.26,-7.66,3.48,-7.48,0.83,5.87,-24.19,75.52,-10.28,-96.28
3.960000000000003,-17.47,-21.27,27.26,-7.29,2.34,-5.1,0.47,5.98,-24.45,75.55,-9.98,-97.5
3.980000000000003,-17.36,-11.51,53.62,-6.89,0.2,-3.62,0.12,5.99,-24.63,75.55,-9.68,-98.73
4.000000000000003,-17.28,-5.56,59.17,-6.17,-1.24,-2.63,-0.19,5.93,-24.76,75.54,-9.38,-99.97
4.020000000000002,-17.24,-1.93,59.17,-5.49,-1.98,-1.91,-0.46,5.83,-24.85,75.52,-9.09,-101.21
4.040000000000002,-20.7,4.58,59.17,-4.51,-2.91,-1.92,-0.69,5.69,-24.95,75.49,-8.81,-102.46
4.060000000000001,-28.61,5.26,59.17,-4.84,-3.67,-2.66,-0.93,5.5,-25.08,75.44,-8.53,-103.71
4.080000000000001,-31.52,4.85,59.17,-5.33,-3.21,-2.98,-1.19,5.34,-25.23,75.38,-8.26,-104.98
4.1000000000000005,-30.19,-2.37,59.17,-6.19,-2.01,-3.33,-1.5,5.24,-25.4,75.3,-8.0,-106.25
4.12,-30.24,-7.89,59.17,-6.73,-1.38,-3.8,-1.84,5.17,-25.59,75.21,-7.74,-107.53
4.14,-26.77,-11.88,59.17,-6.98,-0.78,-3.74,-2.19,5.13,-25.78,75.1,-7.49,-108.81
4.159999999999999,-24.65,-14.31,61.51,-7.15,-0.56,-3.69,-2.55,5.11,-25.96,74.98,-7.23,-110.11
4.179999999999999,-20.09,-16.94,61.51,-7.08,-0.16,-3.53,-2.9,5.1,-26.14,74.83,-6.98,-111.42
4.199999999999998,-17.3,-18.54,59.82,-7.03,0.1,-3.41,-3.25,5.1,-26.31,74.67,-6.72,-112.74
4.219999999999998,-15.6,-19.52,59.82,-6.99,0.21,-3.31,-3.6,5.11,-26.47,74.49,-6.46,-114.06
4.2399999999999975,-15.76,-21.08,59.82,-7.13,0.19,-3.4,-3.96,5.12,-26.64,74.29,-6.21,-115.39
4.259999999999997,-14.3,-19.81,59.82,-6.93,0.11,-2.88,-4.3,5.13,-26.79,74.07,-5.95,-116.73
4.279999999999997,-12.96,-19.02,59.82,-6.57,0.1,-2.72,-4.63,5.13,-26.92,73.84,-5.7,-118.08
4.299999999999996,-9.44,-16.66,59.82,-5.9,0.02,-2.3,-4.93,5.13,-27.04,73.6,-5.44,-119.43
4.319999999999996,-9.0,-13.31,59.82,-5.33,-0.25,-2.02,-5.19,5.12,-27.14,73.34,-5.18,-120.79
4.339999999999995,-8.74,-7.29,59.82,-4.41,-0.65,-1.47,-5.41,5.09,-27.21,73.07,-4.93,-122.15
4.359999999999995,-8.59,-3.62,58.85,-3.77,-0.85,-1.17,-5.6,5.05,-27.27,72.79,-4.68,-123.51
4.379999999999995,-8.49,-1.39,58.73,-3.31,-0.96,-0.98,-5.77,5.0,-27.32,72.5,-4.43,-124.88
4.399999999999994,-8.43,-0.02,58.07,-2.99,-1.0,-0.85,-5.92,4.95,-27.36,72.2,-4.18,-126.24
4.419999999999994,-4.65,2.26,58.07,-2.05,-0.68,-0.56,-6.02,4.92,-27.39,71.9,-3.93,-127.61
4.439999999999993,-3.29,3.82,58.07,-1.47,-0.6,-0.42,-6.09,4.89,-27.41,71.6,-3.69,-128.98
4.459999999999993,-1.22,2.93,58.07,-1.18,-0.22,-0.33,-6.15,4.88,-27.43,71.29,-3.44,-130.36
4.479999999999992,0.11,0.81,58.07,-1.15,0.21,-0.3,-6.21,4.89,-27.44,70.98,-3.2,-131.73
4.499999999999992,0.84,-1.24,58.07,-1.19,0.52,-0.28,-6.27,4.91,-27.46,70.66,-2.95,-133.1
4.519999999999992,-3.26,6.43,58.07,-0.3,-0.35,-0.43,-6.29,4.89,-27.48,70.35,-2.71,-134.47
4.539999999999991,-5.75,11.11,58.48,0.29,-0.74,-0.64,-6.27,4.86,-27.51,70.04,-2.47,-135.85
4.559999999999991,-5.76,10.18,58.48,0.31,-0.44,-0.53,-6.26,4.84,-27.54,69.72,-2.23,-137.23
4.57999999999999,-5.77,9.62,55.4,0.36,-0.2,-0.44,-6.24,4.83,-27.56,69.41,-1.98,-138.6
4.59999999999999,-5.77,9.28,53.79,0.43,0.0,-0.35,-6.22,4.83,-27.58,69.1,-1.74,-139.98
4.6199999999999894,-5.63,12.49,53.79,0.99,-0.13,-0.32,-6.17,4.82,-27.59,68.79,-1.5,-141.36
4.639999999999989,-8.81,20.15,53.79,1.81,-0.88,-0.58,-6.08,4.77,-27.62,68.49,-1.26,-142.74
4.659999999999989,-12.79,25.87,53.79,2.22,-1.46,-0.89,-5.96,4.7,-27.67,68.19,-1.03,-144.13
4.679999999999988,-15.96,29.96,53.79,2.47,-1.8,-1.13,-5.84,4.61,-27.72,67.9,-0.8,-145.51
4.699999999999988,-19.24,32.25,53.79,2.5,-2.0,-1.26,-5.72,4.51,-27.79,67.61,-0.57,-146.9
4.719999999999987,-18.27,31.59,53.79,2.61,-1.64,-1.12,-5.59,4.43,-27.84,67.33,-0.35,-148.3
4.739999999999987,-16.19,29.69,53.79,2.66,-1.15,-1.0,-5.45,4.37,-27.89,67.06,-0.13,-149.69
4.7599999999999865,-14.91,28.54,64.28,2.78,-0.62,-0.94,-5.31,4.34,-27.94,66.79,0.09,-151.09
4.779999999999986,-14.14,27.83,64.73,2.84,-0.26,-0.89,-5.17,4.33,-27.98,66.54,0.3,-152.49
4.799999999999986,-13.67,27.4,64.73,2.88,-0.01,-0.86,-5.03,4.33,-28.03,66.28,0.52,-153.89
4.819999999999985,-18.41,30.18,64.73,2.85,-0.51,-0.88,-4.89,4.3,-28.07,66.04,0.73,-155.29
4.839999999999985,-21.37,30.85,64.73,2.68,-0.66,-0.84,-4.75,4.27,-28.11,65.8,0.95,-156.7
4.859999999999984,-21.95,31.56,64.73,2.68,-0.54,-0.83,-4.62,4.24,-28.15,65.57,1.16,-158.1
4.879999999999984,-19.16,35.02,64.73,3.38,0.01,-1.06,-4.45,4.24,-28.21,65.35,1.37,-159.51
4.8999999999999835,-16.79,38.44,64.73,4.02,0.48,-1.35,-4.25,4.27,-28.28,65.14,1.58,-160.93
4.919999999999983,-15.34,40.53,99.55,4.07,1.85,-1.57,-4.04,4.36,-28.35,64.94,1.8,-162.35
4.939999999999983,-14.46,41.81,103.77,3.79,2.88,-1.72,-3.85,4.5,-28.44,64.74,2.03,-163.77
4.959999999999982,-13.92,42.59,101.64,3.53,3.49,-1.83,-3.68,4.68,-28.53,64.56,2.26,-165.19
4.979999999999982,-13.6,43.06,102.51,3.28,3.91,-1.91,-3.51,4.87,-28.63,64.38,2.51,-166.63
4.999999999999981,-9.26,43.48,102.51,3.11,4.82,-2.3,-3.36,5.11,-28.74,64.22,2.76,-168.06
5.019999999999981,-6.5,44.29,102.51,3.17,5.36,-2.65,-3.2,5.38,-28.87,64.06,3.03,-169.51
5.0399999999999805,-4.75,39.37,102.51,2.65,5.3,-2.58,-3.07,5.65,-29.0,63.9,3.31,-170.96
5.05999999999998,-2.9,35.79,102.51,2.31,5.29,-2.62,-2.95,5.91,-29.13,63.75,3.61,-172.41
5.07999999999998,-3.3,32.06,102.51,1.98,5.02,-2.48,-2.85,6.16,-29.26,63.61,3.92,-173.88
5.099999999999979,-3.54,29.79,102.51,1.81,4.83,-2.43,-2.76,6.41,-29.38,63.47,4.24,-175.35
5.119999999999979,-4.22,27.33,102.51,1.65,4.62,-2.17,-2.68,6.64,-29.49,63.34,4.57,-176.82
5.139999999999978,-4.63,25.82,89.26,1.98,4.31,-1.99,-2.58,6.85,-29.59,63.21,4.91,-178.3
5.159999999999978,-4.88,24.9,89.14,2.18,4.09,-1.86,-2.47,7.06,-29.68,63.09,5.26,-179.78
5.1799999999999775,-5.03,24.34,89.14,2.32,3.94,-1.76,-2.36,7.25,-29.77,62.97,5.63,-181.27
5.199999999999977,-12.2,25.14,89.14,2.28,2.85,-1.21,-2.24,7.4,-29.83,62.86,6.0,-182.76
5.219999999999977,-6.54,21.99,89.14,2.08,3.48,-1.47,-2.14,7.57,-29.9,62.75,6.37,-184.26
5.239999999999976,-2.15,22.69,89.14,2.32,3.96,-1.82,-2.02,7.77,-29.99,62.65,6.76,-185.76
5.259999999999976,-2.12,26.33,89.14,2.85,3.97,-1.97,-1.88,7.97,-30.09,62.56,7.16,-187.26
5.279999999999975,-3.96,27.95,89.14,3.06,3.74,-1.92,-1.72,8.15,-30.19,62.47,7.57,-188.77
5.299999999999975,-5.08,28.94,94.18,3.09,3.72,-1.9,-1.57,8.34,-30.28,62.39,7.99,-190.29
5.3199999999999745,-5.76,29.54,97.3,3.03,3.77,-1.88,-1.42,8.53,-30.38,62.32,8.41,-191.8
5.339999999999974,-1.87,21.23,97.3,2.03,3.93,-1.7,-1.32,8.72,-30.46,62.25,8.85,-193.33
5.359999999999974,0.51,16.17,94.07,1.54,3.88,-1.62,-1.24,8.92,-30.54,62.19,9.29,-194.85
5.379999999999973,1.96,13.08,94.07,1.29,3.78,-1.54,-1.18,9.11,-30.62,62.13,9.75,-196.39
5.399999999999973,3.81,7.77,94.07,0.71,3.74,-1.46,-1.14,9.29,-30.69,62.08,10.21,-197.92
5.419999999999972,2.93,8.8,94.07,0.95,3.56,-1.41,-1.09,9.47,-30.76,62.02,10.69,-199.46
5.439999999999972,2.06,13.15,94.07,1.59,3.46,-1.46,-1.01,9.65,-30.84,61.97,11.17,-201.0
5.4599999999999715,1.43,13.77,94.07,1.72,3.34,-1.44,-0.93,9.81,-30.91,61.92,11.66,-202.55
5.479999999999971,1.59,14.6,94.07,1.86,3.34,-1.47,-0.83,9.98,-30.98,61.88,12.16,-204.1
5.499999999999971,3.97,7.01,94.07,0.88,3.23,-1.22,-0.79,10.14,-31.04,61.84,12.67,-205.65
5.51999999999997,5.42,2.38,98.19,0.22,3.07,-1.06,-0.78,10.29,-31.1,61.8,13.18,-207.2
5.53999999999997,6.3,-0.45,99.29,-0.16,2.86,-0.93,-0.79,10.44,-31.14,61.76,13.7,-208.76
5.559999999999969,6.17,-0.46,99.29,-0.11,2.66,-0.85,-0.79,10.57,-31.18,61.73,14.23,-210.32
5.579999999999969,6.69,-0.62,99.29,-0.05,2.59,-0.74,-0.8,10.7,-31.22,61.69,14.77,-211.88
5.599999999999969,6.91,-0.74,99.29,0.01,2.47,-0.69,-0.79,10.82,-31.26,61.65,15.31,-213.44
5.619999999999968,6.35,-0.74,99.29,0.16,2.25,-0.61,-0.79,10.94,-31.29,61.61,15.86,-215.01
5.639999999999968,8.86,-4.84,99.29,-0.33,2.26,-0.73,-0.8,11.05,-31.32,61.57,16.41,-216.57
5.659999999999967,10.9,-2.88,99.29,0.16,2.6,-0.7,-0.8,11.18,-31.36,61.53,16.97,-218.14
5.679999999999967,12.15,-1.69,99.29,0.53,2.79,-0.66,-0.77,11.32,-31.39,61.49,17.53,-219.71
5.699999999999966,12.76,-0.17,99.29,0.92,2.9,-0.63,-0.72,11.46,-31.42,61.45,18.11,-221.28
5.719999999999966,16.09,-4.61,99.29,0.32,3.06,-0.85,-0.71,11.62,-31.47,61.42,18.69,-222.85
5.739999999999966,19.52,-10.98,99.29,-0.52,3.18,-1.09,-0.73,11.78,-31.52,61.38,19.28,-224.43
5.759999999999965,21.6,-14.87,99.29,-0.93,3.18,-1.28,-0.78,11.94,-31.58,61.34,19.87,-226.01
5.779999999999965,22.88,-17.23,101.17,-1.15,3.1,-1.41,-0.84,12.09,-31.65,61.3,20.48,-227.59
5.799999999999964,20.22,-13.84,101.17,-0.55,2.84,-1.15,-0.87,12.23,-31.71,61.26,21.09,-229.18
5.819999999999964,18.6,-11.76,100.3,-0.16,2.68,-0.99,-0.87,12.37,-31.76,61.21,21.71,-230.77
5.839999999999963,17.61,-10.5,100.3,0.1,2.59,-0.88,-0.87,12.5,-31.81,61.17,22.33,-232.36
5.859999999999963,16.65,-7.41,100.3,0.62,2.54,-0.81,-0.84,12.62,-31.85,61.13,22.96,-233.95
5.879999999999963,15.0,-5.99,100.3,0.86,2.32,-0.66,-0.79,12.74,-31.88,61.09,23.6,-235.54
5.899999999999962,13.78,-4.7,100.3,1.08,2.16,-0.55,-0.74,12.85,-31.91,61.05,24.24,-237.14
5.919999999999962,13.1,-3.89,100.3,1.22,2.08,-0.46,-0.68,12.95,-31.93,61.02,24.89,-238.73
5.939999999999961,12.83,-3.6,100.3,1.27,2.04,-0.38,-0.62,13.05,-31.95,60.99,25.54,-240.33
5.959999999999961,13.37,-3.92,100.3,1.22,2.09,-0.37,-0.55,13.16,-31.97,60.96,26.2,-241.93
5.9799999999999605,13.71,-4.11,99.04,1.22,2.11,-0.36,-0.49,13.26,-31.99,60.93,26.86,-243.53
5.99999999999996,13.91,-4.23,99.38,1.21,2.11,-0.35,-0.43,13.37,-32.0,60.91,27.53,-245.13
6.01999999999996,14.03,-4.3,99.38,1.22,2.11,-0.34,-0.37,13.47,-32.02,60.89,28.21,-246.73
6.039999999999959,13.47,-4.02,99.38,1.26,2.01,-0.33,-0.31,13.57,-32.04,60.88,28.88,-248.33
6.059999999999959,13.21,-3.93,99.38,1.27,1.96,-0.32,-0.25,13.67,-32.05,60.86,29.57,-249.94
6.079999999999958,12.9,-3.67,99.38,1.31,1.91,-0.32,-0.18,13.77,-32.07,60.86,30.26,-251.54
6.099999999999958,12.9,-3.67,99.38,1.31,1.91,-0.32,-0.18,13.77,-32.07,60.86,30.26,-251.54
6.1199999999999575,12.9,-3.67,99.38,1.31,1.91,-0.32,-0.18,13.77,-32.07,60.86,30.26,-251.54
6.139999999999957,12.9,-3.67,99.38,1.31,1.91,-0.32,-0.18,13.77,-32.07,60.86,30.26,-251.54
6.159999999999957,12.9,-3.67,99.38,1.31,1.91,-0.32,-0.18,13.77,-32.07,60.86,30.26,-251.54
6.179999999999956,12.9,-3.67,99.38,1.31,1.91,-0.32,-0.18,13.77,-32.07,60.86,30.26,-251.54
6.199999999999956,12.9,-3.67,99.38,1.31,1.91,-0.32,-0.18,13.77,-32.07,60.86,30.26,-251.54
6.219999999999955,12.9,-3.67,99.38,1.31,1.91,-0.32,-0.18,13.77,-32.07,60.86,30.26,-251.54
6.239999999999955,12.9,-3.67,99.38,1.31,1.91,-0.32,-0.18,13.77,-32.07,60.86,30.26,-251.54
6.2599999999999545,12.9,-3.67,99.38,1.31,1.91,-0.32,-0.18,13.77,-32.07,60.86,30.26,-251.54
6.279999999999954,12.9,-3.67,99.38,1.31,1.91,-0.32,-0.18,13.77,-32.07,60.86,30.26,-251.54
6.299999999999954,12.9,-3.67,99.38,1.31,1.91,-0.32,-0.18,13.77,-32.07,60.86,30.26,-251.54
6.319999999999953,12.9,-3.67,99.38,1.31,1.91,-0.32,-0.18,13.77,-32.07,60.86,30.26,-251.54
6.339999999999953,12.9,-3.67,99.38,1.31,1.91,-0.32,-0.18,13.77,-32.07,60.86,30.26,-251.54
6.359999999999952,12.9,-3.67,99.38,1.31,1.91,-0.32,-0.18,13.77,-32.07,60.86,30.26,-251.54
6.379999999999952,12.9,-3.67,99.38,1.31,1.91,-0.32,-0.18,13.77,-32.07,60.86,30.26,-251.54
6.3999999999999515,0.0,0.0,0.0,0.0,0.0,0.0,0.0,0.0,0.0,0.0,0.0,0.0
6.419999999999951,0.0,0.0,0.0,0.0,0.0,0.0,0.0,0.0,0.0,0.0,0.0,0.0
6.439999999999951,0.0,0.0,0.0,0.0,0.0,0.0,0.0,0.0,0.0,0.0,0.0,0.0
6.45999999999995,0.0,0.0,0.0,0.0,0.0,0.0,0.0,0.0,0.0,0.0,0.0,0.0
6.47999999999995,0.0,0.0,0.0,0.0,0.0,0.0,0.0,0.0,0.0,0.0,0.0,0.0
6.499999999999949,0.0,0.0,0.0,0.0,0.0,0.0,0.0,0.0,0.0,0.0,0.0,0.0
6.519999999999949,0.0,0.0,0.0,0.0,0.0,0.0,0.0,0.0,0.0,0.0,0.0,0.0
6.5399999999999485,0.0,0.0,0.0,0.0,0.0,0.0,0.0,0.0,0.0,0.0,0.0,0.0
6.559999999999948,0.0,0.0,0.0,0.0,0.0,0.0,0.0,0.0,0.0,0.0,0.0,0.0
6.579999999999948,0.0,0.0,0.0,0.0,0.0,0.0,0.0,0.0,0.0,0.0,0.0,0.0
6.599999999999947,0.0,0.0,0.0,0.0,0.0,0.0,0.0,0.0,0.0,0.0,0.0,0.0
6.619999999999947,0.0,0.0,0.0,0.0,0.0,0.0,0.0,0.0,0.0,0.0,0.0,0.0
6.639999999999946,0.0,0.0,0.0,0.0,0.0,0.0,0.0,0.0,0.0,0.0,0.0,0.0
6.659999999999946,0.0,0.0,0.0,0.0,0.0,0.0,0.0,0.0,0.0,0.0,0.0,0.0
6.6799999999999455,0.0,0.0,0.0,0.0,0.0,0.0,0.0,0.0,0.0,0.0,0.0,0.0
6.699999999999945,0.0,0.0,0.0,0.0,0.0,0.0,0.0,0.0,0.0,0.0,0.0,0.0
6.719999999999945,0.0,0.0,0.0,0.0,0.0,0.0,0.0,0.0,0.0,0.0,0.0,0.0
6.739999999999944,0.0,0.0,0.0,0.0,0.0,0.0,0.0,0.0,0.0,0.0,0.0,0.0
6.759999999999944,0.0,0.0,0.0,0.0,0.0,0.0,0.0,0.0,0.0,0.0,0.0,0.0
6.779999999999943,0.0,0.0,0.0,0.0,0.0,0.0,0.0,0.0,0.0,0.0,0.0,0.0
6.799999999999943,0.0,0.0,0.0,0.0,0.0,0.0,0.0,0.0,0.0,0.0,0.0,0.0
6.8199999999999426,0.0,0.0,0.0,0.0,0.0,0.0,0.0,0.0,0.0,0.0,0.0,0.0
6.839999999999942,0.0,0.0,0.0,0.0,0.0,0.0,0.0,0.0,0.0,0.0,0.0,0.0
6.859999999999942,0.0,0.0,0.0,0.0,0.0,0.0,0.0,0.0,0.0,0.0,0.0,0.0
6.879999999999941,0.0,0.0,0.0,0.0,0.0,0.0,0.0,0.0,0.0,0.0,0.0,0.0
6.899999999999941,0.0,0.0,0.0,0.0,0.0,0.0,0.0,0.0,0.0,0.0,0.0,0.0
6.91999999999994,0.0,0.0,0.0,0.0,0.0,0.0,0.0,0.0,0.0,0.0,0.0,0.0
6.93999999999994,0.0,0.0,0.0,0.0,0.0,0.0,0.0,0.0,0.0,0.0,0.0,0.0
6.95999999999994,0.0,0.0,0.0,0.0,0.0,0.0,0.0,0.0,0.0,0.0,0.0,0.0
6.979999999999939,0.0,0.0,0.0,0.0,0.0,0.0,0.0,0.0,0.0,0.0,0.0,0.0
6.999999999999939,0.0,0.0,0.0,0.0,0.0,0.0,0.0,0.0,0.0,0.0,0.0,0.0
7.019999999999938,0.0,0.0,0.0,0.0,0.0,0.0,0.0,0.0,0.0,0.0,0.0,0.0
7.039999999999938,0.0,0.0,0.0,0.0,0.0,0.0,0.0,0.0,0.0,0.0,0.0,0.0
7.059999999999937,0.0,0.0,0.0,0.0,0.0,0.0,0.0,0.0,0.0,0.0,0.0,0.0
7.079999999999937,0.0,0.0,0.0,0.0,0.0,0.0,0.0,0.0,0.0,0.0,0.0,0.0
7.099999999999937,0.0,0.0,0.0,0.0,0.0,0.0,0.0,0.0,0.0,0.0,0.0,0.0
7.119999999999936,0.0,0.0,0.0,0.0,0.0,0.0,0.0,0.0,0.0,0.0,0.0,0.0
7.139999999999936,0.0,0.0,0.0,0.0,0.0,0.0,0.0,0.0,0.0,0.0,0.0,0.0
7.159999999999935,0.0,0.0,0.0,0.0,0.0,0.0,0.0,0.0,0.0,0.0,0.0,0.0
7.179999999999935,0.0,0.0,0.0,0.0,0.0,0.0,0.0,0.0,0.0,0.0,0.0,0.0
7.1999999999999345,0.0,0.0,0.0,0.0,0.0,0.0,0.0,0.0,0.0,0.0,0.0,0.0
7.219999999999934,0.0,0.0,0.0,0.0,0.0,0.0,0.0,0.0,0.0,0.0,0.0,0.0
7.239999999999934,0.0,0.0,0.0,0.0,0.0,0.0,0.0,0.0,0.0,0.0,0.0,0.0
7.259999999999933,0.0,0.0,0.0,0.0,0.0,0.0,0.0,0.0,0.0,0.0,0.0,0.0
7.279999999999933,0.0,0.0,0.0,0.0,0.0,0.0,0.0,0.0,0.0,0.0,0.0,0.0
7.299999999999932,0.0,0.0,0.0,0.0,0.0,0.0,0.0,0.0,0.0,0.0,0.0,0.0
7.319999999999932,0.0,0.0,0.0,0.0,0.0,0.0,0.0,0.0,0.0,0.0,0.0,0.0
7.3399999999999315,0.0,0.0,0.0,0.0,0.0,0.0,0.0,0.0,0.0,0.0,0.0,0.0
7.359999999999931,0.0,0.0,0.0,0.0,0.0,0.0,0.0,0.0,0.0,0.0,0.0,0.0
7.379999999999931,0.0,0.0,0.0,0.0,0.0,0.0,0.0,0.0,0.0,0.0,0.0,0.0
7.39999999999993,0.0,0.0,0.0,0.0,0.0,0.0,0.0,0.0,0.0,0.0,0.0,0.0
7.41999999999993,0.0,0.0,0.0,0.0,0.0,0.0,0.0,0.0,0.0,0.0,0.0,0.0
7.439999999999929,0.0,0.0,0.0,0.0,0.0,0.0,0.0,0.0,0.0,0.0,0.0,0.0
7.459999999999929,0.0,0.0,0.0,0.0,0.0,0.0,0.0,0.0,0.0,0.0,0.0,0.0
7.4799999999999285,0.0,0.0,0.0,0.0,0.0,0.0,0.0,0.0,0.0,0.0,0.0,0.0
7.499999999999928,0.0,0.0,0.0,0.0,0.0,0.0,0.0,0.0,0.0,0.0,0.0,0.0
7.519999999999928,0.0,0.0,0.0,0.0,0.0,0.0,0.0,0.0,0.0,0.0,0.0,0.0
7.539999999999927,0.0,0.0,0.0,0.0,0.0,0.0,0.0,0.0,0.0,0.0,0.0,0.0
7.559999999999927,0.0,0.0,0.0,0.0,0.0,0.0,0.0,0.0,0.0,0.0,0.0,0.0
7.579999999999926,0.0,0.0,0.0,0.0,0.0,0.0,0.0,0.0,0.0,0.0,0.0,0.0
7.599999999999926,0.0,0.0,0.0,0.0,0.0,0.0,0.0,0.0,0.0,0.0,0.0,0.0
7.6199999999999255,0.0,0.0,0.0,0.0,0.0,0.0,0.0,0.0,0.0,0.0,0.0,0.0
7.639999999999925,0.0,0.0,0.0,0.0,0.0,0.0,0.0,0.0,0.0,0.0,0.0,0.0
7.659999999999925,0.0,0.0,0.0,0.0,0.0,0.0,0.0,0.0,0.0,0.0,0.0,0.0
7.679999999999924,0.0,0.0,0.0,0.0,0.0,0.0,0.0,0.0,0.0,0.0,0.0,0.0
7.699999999999924,0.0,0.0,0.0,0.0,0.0,0.0,0.0,0.0,0.0,0.0,0.0,0.0
7.719999999999923,0.0,0.0,0.0,0.0,0.0,0.0,0.0,0.0,0.0,0.0,0.0,0.0
7.739999999999923,0.0,0.0,0.0,0.0,0.0,0.0,0.0,0.0,0.0,0.0,0.0,0.0
7.7599999999999225,0.0,0.0,0.0,0.0,0.0,0.0,0.0,0.0,0.0,0.0,0.0,0.0
7.779999999999922,0.0,0.0,0.0,0.0,0.0,0.0,0.0,0.0,0.0,0.0,0.0,0.0
7.799999999999922,0.0,0.0,0.0,0.0,0.0,0.0,0.0,0.0,0.0,0.0,0.0,0.0
7.819999999999921,0.0,0.0,0.0,0.0,0.0,0.0,0.0,0.0,0.0,0.0,0.0,0.0
7.839999999999921,0.0,0.0,0.0,0.0,0.0,0.0,0.0,0.0,0.0,0.0,0.0,0.0
7.85999999999992,0.0,0.0,0.0,0.0,0.0,0.0,0.0,0.0,0.0,0.0,0.0,0.0
7.87999999999992,0.0,0.0,0.0,0.0,0.0,0.0,0.0,0.0,0.0,0.0,0.0,0.0
7.8999999999999195,0.0,0.0,0.0,0.0,0.0,0.0,0.0,0.0,0.0,0.0,0.0,0.0
7.919999999999919,0.0,0.0,0.0,0.0,0.0,0.0,0.0,0.0,0.0,0.0,0.0,0.0
7.939999999999919,0.0,0.0,0.0,0.0,0.0,0.0,0.0,0.0,0.0,0.0,0.0,0.0
7.959999999999918,0.0,0.0,0.0,0.0,0.0,0.0,0.0,0.0,0.0,0.0,0.0,0.0
7.979999999999918,0.0,0.0,0.0,0.0,0.0,0.0,0.0,0.0,0.0,0.0,0.0,0.0
7.999999999999917,0.0,0.0,0.0,0.0,0.0,0.0,0.0,0.0,0.0,0.0,0.0,0.0
8.019999999999918,0.0,0.0,0.0,0.0,0.0,0.0,0.0,0.0,0.0,0.0,0.0,0.0
8.039999999999917,0.0,0.0,0.0,0.0,0.0,0.0,0.0,0.0,0.0,0.0,0.0,0.0
8.059999999999917,0.0,0.0,0.0,0.0,0.0,0.0,0.0,0.0,0.0,0.0,0.0,0.0
8.079999999999917,0.0,0.0,0.0,0.0,0.0,0.0,0.0,0.0,0.0,0.0,0.0,0.0
8.099999999999916,0.0,0.0,0.0,0.0,0.0,0.0,0.0,0.0,0.0,0.0,0.0,0.0
8.119999999999916,0.0,0.0,0.0,0.0,0.0,0.0,0.0,0.0,0.0,0.0,0.0,0.0
8.139999999999915,0.0,0.0,0.0,0.0,0.0,0.0,0.0,0.0,0.0,0.0,0.0,0.0
8.159999999999915,0.0,0.0,0.0,0.0,0.0,0.0,0.0,0.0,0.0,0.0,0.0,0.0
8.179999999999914,0.0,0.0,0.0,0.0,0.0,0.0,0.0,0.0,0.0,0.0,0.0,0.0
8.199999999999914,0.0,0.0,0.0,0.0,0.0,0.0,0.0,0.0,0.0,0.0,0.0,0.0
8.219999999999914,0.0,0.0,0.0,0.0,0.0,0.0,0.0,0.0,0.0,0.0,0.0,0.0
8.239999999999913,0.0,0.0,0.0,0.0,0.0,0.0,0.0,0.0,0.0,0.0,0.0,0.0
8.259999999999913,0.0,0.0,0.0,0.0,0.0,0.0,0.0,0.0,0.0,0.0,0.0,0.0
8.279999999999912,0.0,0.0,0.0,0.0,0.0,0.0,0.0,0.0,0.0,0.0,0.0,0.0
8.299999999999912,0.0,0.0,0.0,0.0,0.0,0.0,0.0,0.0,0.0,0.0,0.0,0.0
8.319999999999911,0.0,0.0,0.0,0.0,0.0,0.0,0.0,0.0,0.0,0.0,0.0,0.0
8.339999999999911,0.0,0.0,0.0,0.0,0.0,0.0,0.0,0.0,0.0,0.0,0.0,0.0
8.35999999999991,0.0,0.0,0.0,0.0,0.0,0.0,0.0,0.0,0.0,0.0,0.0,0.0
8.37999999999991,0.0,0.0,0.0,0.0,0.0,0.0,0.0,0.0,0.0,0.0,0.0,0.0
8.39999999999991,0.0,0.0,0.0,0.0,0.0,0.0,0.0,0.0,0.0,0.0,0.0,0.0
8.41999999999991,0.0,0.0,0.0,0.0,0.0,0.0,0.0,0.0,0.0,0.0,0.0,0.0
8.439999999999909,0.0,0.0,0.0,0.0,0.0,0.0,0.0,0.0,0.0,0.0,0.0,0.0
8.459999999999908,0.0,0.0,0.0,0.0,0.0,0.0,0.0,0.0,0.0,0.0,0.0,0.0
8.479999999999908,0.0,0.0,0.0,0.0,0.0,0.0,0.0,0.0,0.0,0.0,0.0,0.0
8.499999999999908,0.0,0.0,0.0,0.0,0.0,0.0,0.0,0.0,0.0,0.0,0.0,0.0
8.519999999999907,0.0,0.0,0.0,0.0,0.0,0.0,0.0,0.0,0.0,0.0,0.0,0.0
8.539999999999907,0.0,0.0,0.0,0.0,0.0,0.0,0.0,0.0,0.0,0.0,0.0,0.0
8.559999999999906,0.0,0.0,0.0,0.0,0.0,0.0,0.0,0.0,0.0,0.0,0.0,0.0
8.579999999999906,0.0,0.0,0.0,0.0,0.0,0.0,0.0,0.0,0.0,0.0,0.0,0.0
8.599999999999905,0.0,0.0,0.0,0.0,0.0,0.0,0.0,0.0,0.0,0.0,0.0,0.0
8.619999999999905,0.0,0.0,0.0,0.0,0.0,0.0,0.0,0.0,0.0,0.0,0.0,0.0
8.639999999999905,0.0,0.0,0.0,0.0,0.0,0.0,0.0,0.0,0.0,0.0,0.0,0.0
8.659999999999904,0.0,0.0,0.0,0.0,0.0,0.0,0.0,0.0,0.0,0.0,0.0,0.0
8.679999999999904,0.0,0.0,0.0,0.0,0.0,0.0,0.0,0.0,0.0,0.0,0.0,0.0
8.699999999999903,0.0,0.0,0.0,0.0,0.0,0.0,0.0,0.0,0.0,0.0,0.0,0.0
8.719999999999903,0.0,0.0,0.0,0.0,0.0,0.0,0.0,0.0,0.0,0.0,0.0,0.0
8.739999999999903,0.0,0.0,0.0,0.0,0.0,0.0,0.0,0.0,0.0,0.0,0.0,0.0
8.759999999999902,0.0,0.0,0.0,0.0,0.0,0.0,0.0,0.0,0.0,0.0,0.0,0.0
8.779999999999902,0.0,0.0,0.0,0.0,0.0,0.0,0.0,0.0,0.0,0.0,0.0,0.0
8.799999999999901,0.0,0.0,0.0,0.0,0.0,0.0,0.0,0.0,0.0,0.0,0.0,0.0
8.8199999999999,0.0,0.0,0.0,0.0,0.0,0.0,0.0,0.0,0.0,0.0,0.0,0.0
8.8399999999999,0.0,0.0,0.0,0.0,0.0,0.0,0.0,0.0,0.0,0.0,0.0,0.0
8.8599999999999,0.0,0.0,0.0,0.0,0.0,0.0,0.0,0.0,0.0,0.0,0.0,0.0
8.8799999999999,0.0,0.0,0.0,0.0,0.0,0.0,0.0,0.0,0.0,0.0,0.0,0.0
8.899999999999899,0.0,0.0,0.0,0.0,0.0,0.0,0.0,0.0,0.0,0.0,0.0,0.0
8.919999999999899,0.0,0.0,0.0,0.0,0.0,0.0,0.0,0.0,0.0,0.0,0.0,0.0
8.939999999999898,0.0,0.0,0.0,0.0,0.0,0.0,0.0,0.0,0.0,0.0,0.0,0.0
8.959999999999898,0.0,0.0,0.0,0.0,0.0,0.0,0.0,0.0,0.0,0.0,0.0,0.0
8.979999999999897,0.0,0.0,0.0,0.0,0.0,0.0,0.0,0.0,0.0,0.0,0.0,0.0
8.999999999999897,0.0,0.0,0.0,0.0,0.0,0.0,0.0,0.0,0.0,0.0,0.0,0.0
9.019999999999897,0.0,0.0,0.0,0.0,0.0,0.0,0.0,0.0,0.0,0.0,0.0,0.0
9.039999999999896,0.0,0.0,0.0,0.0,0.0,0.0,0.0,0.0,0.0,0.0,0.0,0.0
9.059999999999896,0.0,0.0,0.0,0.0,0.0,0.0,0.0,0.0,0.0,0.0,0.0,0.0
9.079999999999895,0.0,0.0,0.0,0.0,0.0,0.0,0.0,0.0,0.0,0.0,0.0,0.0
9.099999999999895,0.0,0.0,0.0,0.0,0.0,0.0,0.0,0.0,0.0,0.0,0.0,0.0
9.119999999999894,0.0,0.0,0.0,0.0,0.0,0.0,0.0,0.0,0.0,0.0,0.0,0.0
9.139999999999894,0.0,0.0,0.0,0.0,0.0,0.0,0.0,0.0,0.0,0.0,0.0,0.0
9.159999999999894,0.0,0.0,0.0,0.0,0.0,0.0,0.0,0.0,0.0,0.0,0.0,0.0
9.179999999999893,0.0,0.0,0.0,0.0,0.0,0.0,0.0,0.0,0.0,0.0,0.0,0.0
9.199999999999893,0.0,0.0,0.0,0.0,0.0,0.0,0.0,0.0,0.0,0.0,0.0,0.0
9.219999999999892,0.0,0.0,0.0,0.0,0.0,0.0,0.0,0.0,0.0,0.0,0.0,0.0
9.239999999999892,0.0,0.0,0.0,0.0,0.0,0.0,0.0,0.0,0.0,0.0,0.0,0.0
9.259999999999891,0.0,0.0,0.0,0.0,0.0,0.0,0.0,0.0,0.0,0.0,0.0,0.0
9.279999999999891,0.0,0.0,0.0,0.0,0.0,0.0,0.0,0.0,0.0,0.0,0.0,0.0
9.29999999999989,0.0,0.0,0.0,0.0,0.0,0.0,0.0,0.0,0.0,0.0,0.0,0.0
9.31999999999989,0.0,0.0,0.0,0.0,0.0,0.0,0.0,0.0,0.0,0.0,0.0,0.0
9.33999999999989,0.0,0.0,0.0,0.0,0.0,0.0,0.0,0.0,0.0,0.0,0.0,0.0
9.35999999999989,0.0,0.0,0.0,0.0,0.0,0.0,0.0,0.0,0.0,0.0,0.0,0.0
9.379999999999889,0.0,0.0,0.0,0.0,0.0,0.0,0.0,0.0,0.0,0.0,0.0,0.0
9.399999999999888,0.0,0.0,0.0,0.0,0.0,0.0,0.0,0.0,0.0,0.0,0.0,0.0
9.419999999999888,0.0,0.0,0.0,0.0,0.0,0.0,0.0,0.0,0.0,0.0,0.0,0.0
9.439999999999888,0.0,0.0,0.0,0.0,0.0,0.0,0.0,0.0,0.0,0.0,0.0,0.0
9.459999999999887,0.0,0.0,0.0,0.0,0.0,0.0,0.0,0.0,0.0,0.0,0.0,0.0
9.479999999999887,0.0,0.0,0.0,0.0,0.0,0.0,0.0,0.0,0.0,0.0,0.0,0.0
9.499999999999886,0.0,0.0,0.0,0.0,0.0,0.0,0.0,0.0,0.0,0.0,0.0,0.0
9.519999999999886,0.0,0.0,0.0,0.0,0.0,0.0,0.0,0.0,0.0,0.0,0.0,0.0
9.539999999999885,0.0,0.0,0.0,0.0,0.0,0.0,0.0,0.0,0.0,0.0,0.0,0.0
9.559999999999885,0.0,0.0,0.0,0.0,0.0,0.0,0.0,0.0,0.0,0.0,0.0,0.0
9.579999999999885,0.0,0.0,0.0,0.0,0.0,0.0,0.0,0.0,0.0,0.0,0.0,0.0
9.599999999999884,0.0,0.0,0.0,0.0,0.0,0.0,0.0,0.0,0.0,0.0,0.0,0.0
9.619999999999884,0.0,0.0,0.0,0.0,0.0,0.0,0.0,0.0,0.0,0.0,0.0,0.0
9.639999999999883,0.0,0.0,0.0,0.0,0.0,0.0,0.0,0.0,0.0,0.0,0.0,0.0
9.659999999999883,0.0,0.0,0.0,0.0,0.0,0.0,0.0,0.0,0.0,0.0,0.0,0.0
9.679999999999882,0.0,0.0,0.0,0.0,0.0,0.0,0.0,0.0,0.0,0.0,0.0,0.0
9.699999999999882,0.0,0.0,0.0,0.0,0.0,0.0,0.0,0.0,0.0,0.0,0.0,0.0
9.719999999999882,0.0,0.0,0.0,0.0,0.0,0.0,0.0,0.0,0.0,0.0,0.0,0.0
9.739999999999881,0.0,0.0,0.0,0.0,0.0,0.0,0.0,0.0,0.0,0.0,0.0,0.0
9.75999999999988,0.0,0.0,0.0,0.0,0.0,0.0,0.0,0.0,0.0,0.0,0.0,0.0
9.77999999999988,0.0,0.0,0.0,0.0,0.0,0.0,0.0,0.0,0.0,0.0,0.0,0.0
9.79999999999988,0.0,0.0,0.0,0.0,0.0,0.0,0.0,0.0,0.0,0.0,0.0,0.0
9.81999999999988,0.0,0.0,0.0,0.0,0.0,0.0,0.0,0.0,0.0,0.0,0.0,0.0
9.839999999999879,0.0,0.0,0.0,0.0,0.0,0.0,0.0,0.0,0.0,0.0,0.0,0.0
9.859999999999879,0.0,0.0,0.0,0.0,0.0,0.0,0.0,0.0,0.0,0.0,0.0,0.0
9.879999999999878,0.0,0.0,0.0,0.0,0.0,0.0,0.0,0.0,0.0,0.0,0.0,0.0
9.899999999999878,0.0,0.0,0.0,0.0,0.0,0.0,0.0,0.0,0.0,0.0,0.0,0.0
9.919999999999877,0.0,0.0,0.0,0.0,0.0,0.0,0.0,0.0,0.0,0.0,0.0,0.0
9.939999999999877,0.0,0.0,0.0,0.0,0.0,0.0,0.0,0.0,0.0,0.0,0.0,0.0
9.959999999999877,0.0,0.0,0.0,0.0,0.0,0.0,0.0,0.0,0.0,0.0,0.0,0.0
9.979999999999876,0.0,0.0,0.0,0.0,0.0,0.0,0.0,0.0,0.0,0.0,0.0,0.0
9.999999999999876,0.0,0.0,0.0,0.0,0.0,0.0,0.0,0.0,0.0,0.0,0.0,0.0
10.019999999999875,0.0,0.0,0.0,0.0,0.0,0.0,0.0,0.0,0.0,0.0,0.0,0.0
10.039999999999875,0.0,0.0,0.0,0.0,0.0,0.0,0.0,0.0,0.0,0.0,0.0,0.0
10.059999999999874,0.0,0.0,0.0,0.0,0.0,0.0,0.0,0.0,0.0,0.0,0.0,0.0
10.079999999999874,0.0,0.0,0.0,0.0,0.0,0.0,0.0,0.0,0.0,0.0,0.0,0.0
10.099999999999874,0.0,0.0,0.0,0.0,0.0,0.0,0.0,0.0,0.0,0.0,0.0,0.0
10.119999999999873,0.0,0.0,0.0,0.0,0.0,0.0,0.0,0.0,0.0,0.0,0.0,0.0
10.139999999999873,0.0,0.0,0.0,0.0,0.0,0.0,0.0,0.0,0.0,0.0,0.0,0.0
10.159999999999872,0.0,0.0,0.0,0.0,0.0,0.0,0.0,0.0,0.0,0.0,0.0,0.0
10.179999999999872,0.0,0.0,0.0,0.0,0.0,0.0,0.0,0.0,0.0,0.0,0.0,0.0
10.199999999999871,0.0,0.0,0.0,0.0,0.0,0.0,0.0,0.0,0.0,0.0,0.0,0.0
10.219999999999871,0.0,0.0,0.0,0.0,0.0,0.0,0.0,0.0,0.0,0.0,0.0,0.0
10.23999999999987,0.0,0.0,0.0,0.0,0.0,0.0,0.0,0.0,0.0,0.0,0.0,0.0
10.25999999999987,0.0,0.0,0.0,0.0,0.0,0.0,0.0,0.0,0.0,0.0,0.0,0.0
10.27999999999987,0.0,0.0,0.0,0.0,0.0,0.0,0.0,0.0,0.0,0.0,0.0,0.0
10.29999999999987,0.0,0.0,0.0,0.0,0.0,0.0,0.0,0.0,0.0,0.0,0.0,0.0
10.319999999999869,0.0,0.0,0.0,0.0,0.0,0.0,0.0,0.0,0.0,0.0,0.0,0.0
10.339999999999868,0.0,0.0,0.0,0.0,0.0,0.0,0.0,0.0,0.0,0.0,0.0,0.0
10.359999999999868,0.0,0.0,0.0,0.0,0.0,0.0,0.0,0.0,0.0,0.0,0.0,0.0
10.379999999999868,0.0,0.0,0.0,0.0,0.0,0.0,0.0,0.0,0.0,0.0,0.0,0.0
10.399999999999867,0.0,0.0,0.0,0.0,0.0,0.0,0.0,0.0,0.0,0.0,0.0,0.0
10.419999999999867,0.0,0.0,0.0,0.0,0.0,0.0,0.0,0.0,0.0,0.0,0.0,0.0
10.439999999999866,0.0,0.0,0.0,0.0,0.0,0.0,0.0,0.0,0.0,0.0,0.0,0.0
10.459999999999866,0.0,0.0,0.0,0.0,0.0,0.0,0.0,0.0,0.0,0.0,0.0,0.0
10.479999999999865,0.0,0.0,0.0,0.0,0.0,0.0,0.0,0.0,0.0,0.0,0.0,0.0
10.499999999999865,0.0,0.0,0.0,0.0,0.0,0.0,0.0,0.0,0.0,0.0,0.0,0.0
10.519999999999865,0.0,0.0,0.0,0.0,0.0,0.0,0.0,0.0,0.0,0.0,0.0,0.0
10.539999999999864,0.0,0.0,0.0,0.0,0.0,0.0,0.0,0.0,0.0,0.0,0.0,0.0
10.559999999999864,0.0,0.0,0.0,0.0,0.0,0.0,0.0,0.0,0.0,0.0,0.0,0.0
10.579999999999863,0.0,0.0,0.0,0.0,0.0,0.0,0.0,0.0,0.0,0.0,0.0,0.0
10.599999999999863,0.0,0.0,0.0,0.0,0.0,0.0,0.0,0.0,0.0,0.0,0.0,0.0
10.619999999999862,0.0,0.0,0.0,0.0,0.0,0.0,0.0,0.0,0.0,0.0,0.0,0.0
10.639999999999862,0.0,0.0,0.0,0.0,0.0,0.0,0.0,0.0,0.0,0.0,0.0,0.0
10.659999999999862,0.0,0.0,0.0,0.0,0.0,0.0,0.0,0.0,0.0,0.0,0.0,0.0
10.679999999999861,0.0,0.0,0.0,0.0,0.0,0.0,0.0,0.0,0.0,0.0,0.0,0.0
10.69999999999986,0.0,0.0,0.0,0.0,0.0,0.0,0.0,0.0,0.0,0.0,0.0,0.0
10.71999999999986,0.0,0.0,0.0,0.0,0.0,0.0,0.0,0.0,0.0,0.0,0.0,0.0
10.73999999999986,0.0,0.0,0.0,0.0,0.0,0.0,0.0,0.0,0.0,0.0,0.0,0.0
10.75999999999986,0.0,0.0,0.0,0.0,0.0,0.0,0.0,0.0,0.0,0.0,0.0,0.0
10.779999999999859,0.0,0.0,0.0,0.0,0.0,0.0,0.0,0.0,0.0,0.0,0.0,0.0
10.799999999999859,0.0,0.0,0.0,0.0,0.0,0.0,0.0,0.0,0.0,0.0,0.0,0.0
10.819999999999858,0.0,0.0,0.0,0.0,0.0,0.0,0.0,0.0,0.0,0.0,0.0,0.0
10.839999999999858,0.0,0.0,0.0,0.0,0.0,0.0,0.0,0.0,0.0,0.0,0.0,0.0
10.859999999999857,0.0,0.0,0.0,0.0,0.0,0.0,0.0,0.0,0.0,0.0,0.0,0.0
10.879999999999857,0.0,0.0,0.0,0.0,0.0,0.0,0.0,0.0,0.0,0.0,0.0,0.0
10.899999999999856,0.0,0.0,0.0,0.0,0.0,0.0,0.0,0.0,0.0,0.0,0.0,0.0
10.919999999999856,0.0,0.0,0.0,0.0,0.0,0.0,0.0,0.0,0.0,0.0,0.0,0.0
10.939999999999856,0.0,0.0,0.0,0.0,0.0,0.0,0.0,0.0,0.0,0.0,0.0,0.0
10.959999999999855,0.0,0.0,0.0,0.0,0.0,0.0,0.0,0.0,0.0,0.0,0.0,0.0
10.979999999999855,0.0,0.0,0.0,0.0,0.0,0.0,0.0,0.0,0.0,0.0,0.0,0.0
10.999999999999854,0.0,0.0,0.0,0.0,0.0,0.0,0.0,0.0,0.0,0.0,0.0,0.0
11.019999999999854,0.0,0.0,0.0,0.0,0.0,0.0,0.0,0.0,0.0,0.0,0.0,0.0
11.039999999999853,0.0,0.0,0.0,0.0,0.0,0.0,0.0,0.0,0.0,0.0,0.0,0.0
11.059999999999853,0.0,0.0,0.0,0.0,0.0,0.0,0.0,0.0,0.0,0.0,0.0,0.0
11.079999999999853,0.0,0.0,0.0,0.0,0.0,0.0,0.0,0.0,0.0,0.0,0.0,0.0
11.099999999999852,0.0,0.0,0.0,0.0,0.0,0.0,0.0,0.0,0.0,0.0,0.0,0.0
11.119999999999852,0.0,0.0,0.0,0.0,0.0,0.0,0.0,0.0,0.0,0.0,0.0,0.0
11.139999999999851,0.0,0.0,0.0,0.0,0.0,0.0,0.0,0.0,0.0,0.0,0.0,0.0
11.159999999999851,0.0,0.0,0.0,0.0,0.0,0.0,0.0,0.0,0.0,0.0,0.0,0.0
11.17999999999985,0.0,0.0,0.0,0.0,0.0,0.0,0.0,0.0,0.0,0.0,0.0,0.0
11.19999999999985,0.0,0.0,0.0,0.0,0.0,0.0,0.0,0.0,0.0,0.0,0.0,0.0
11.21999999999985,0.0,0.0,0.0,0.0,0.0,0.0,0.0,0.0,0.0,0.0,0.0,0.0
11.23999999999985,0.0,0.0,0.0,0.0,0.0,0.0,0.0,0.0,0.0,0.0,0.0,0.0
11.259999999999849,0.0,0.0,0.0,0.0,0.0,0.0,0.0,0.0,0.0,0.0,0.0,0.0
11.279999999999848,0.0,0.0,0.0,0.0,0.0,0.0,0.0,0.0,0.0,0.0,0.0,0.0
11.299999999999848,0.0,0.0,0.0,0.0,0.0,0.0,0.0,0.0,0.0,0.0,0.0,0.0
11.319999999999848,0.0,0.0,0.0,0.0,0.0,0.0,0.0,0.0,0.0,0.0,0.0,0.0
11.339999999999847,0.0,0.0,0.0,0.0,0.0,0.0,0.0,0.0,0.0,0.0,0.0,0.0
11.359999999999847,0.0,0.0,0.0,0.0,0.0,0.0,0.0,0.0,0.0,0.0,0.0,0.0
11.379999999999846,0.0,0.0,0.0,0.0,0.0,0.0,0.0,0.0,0.0,0.0,0.0,0.0
11.399999999999846,0.0,0.0,0.0,0.0,0.0,0.0,0.0,0.0,0.0,0.0,0.0,0.0
11.419999999999845,0.0,0.0,0.0,0.0,0.0,0.0,0.0,0.0,0.0,0.0,0.0,0.0
11.439999999999845,0.0,0.0,0.0,0.0,0.0,0.0,0.0,0.0,0.0,0.0,0.0,0.0
11.459999999999845,0.0,0.0,0.0,0.0,0.0,0.0,0.0,0.0,0.0,0.0,0.0,0.0
11.479999999999844,0.0,0.0,0.0,0.0,0.0,0.0,0.0,0.0,0.0,0.0,0.0,0.0
11.499999999999844,0.0,0.0,0.0,0.0,0.0,0.0,0.0,0.0,0.0,0.0,0.0,0.0
11.519999999999843,0.0,0.0,0.0,0.0,0.0,0.0,0.0,0.0,0.0,0.0,0.0,0.0
11.539999999999843,0.0,0.0,0.0,0.0,0.0,0.0,0.0,0.0,0.0,0.0,0.0,0.0
11.559999999999842,0.0,0.0,0.0,0.0,0.0,0.0,0.0,0.0,0.0,0.0,0.0,0.0
11.579999999999842,0.0,0.0,0.0,0.0,0.0,0.0,0.0,0.0,0.0,0.0,0.0,0.0
11.599999999999842,0.0,0.0,0.0,0.0,0.0,0.0,0.0,0.0,0.0,0.0,0.0,0.0
11.619999999999841,0.0,0.0,0.0,0.0,0.0,0.0,0.0,0.0,0.0,0.0,0.0,0.0
11.63999999999984,0.0,0.0,0.0,0.0,0.0,0.0,0.0,0.0,0.0,0.0,0.0,0.0
11.65999999999984,0.0,0.0,0.0,0.0,0.0,0.0,0.0,0.0,0.0,0.0,0.0,0.0
11.67999999999984,0.0,0.0,0.0,0.0,0.0,0.0,0.0,0.0,0.0,0.0,0.0,0.0
11.69999999999984,0.0,0.0,0.0,0.0,0.0,0.0,0.0,0.0,0.0,0.0,0.0,0.0
11.719999999999839,0.0,0.0,0.0,0.0,0.0,0.0,0.0,0.0,0.0,0.0,0.0,0.0
11.739999999999839,0.0,0.0,0.0,0.0,0.0,0.0,0.0,0.0,0.0,0.0,0.0,0.0
11.759999999999838,0.0,0.0,0.0,0.0,0.0,0.0,0.0,0.0,0.0,0.0,0.0,0.0
11.779999999999838,0.0,0.0,0.0,0.0,0.0,0.0,0.0,0.0,0.0,0.0,0.0,0.0
11.799999999999837,0.0,0.0,0.0,0.0,0.0,0.0,0.0,0.0,0.0,0.0,0.0,0.0
11.819999999999837,0.0,0.0,0.0,0.0,0.0,0.0,0.0,0.0,0.0,0.0,0.0,0.0
11.839999999999836,0.0,0.0,0.0,0.0,0.0,0.0,0.0,0.0,0.0,0.0,0.0,0.0
11.859999999999836,0.0,0.0,0.0,0.0,0.0,0.0,0.0,0.0,0.0,0.0,0.0,0.0
11.879999999999836,0.0,0.0,0.0,0.0,0.0,0.0,0.0,0.0,0.0,0.0,0.0,0.0
11.899999999999835,0.0,0.0,0.0,0.0,0.0,0.0,0.0,0.0,0.0,0.0,0.0,0.0
11.919999999999835,0.0,0.0,0.0,0.0,0.0,0.0,0.0,0.0,0.0,0.0,0.0,0.0
11.939999999999834,0.0,0.0,0.0,0.0,0.0,0.0,0.0,0.0,0.0,0.0,0.0,0.0
11.959999999999834,0.0,0.0,0.0,0.0,0.0,0.0,0.0,0.0,0.0,0.0,0.0,0.0
11.979999999999833,0.0,0.0,0.0,0.0,0.0,0.0,0.0,0.0,0.0,0.0,0.0,0.0
11.999999999999833,0.0,0.0,0.0,0.0,0.0,0.0,0.0,0.0,0.0,0.0,0.0,0.0
12.019999999999833,0.0,0.0,0.0,0.0,0.0,0.0,0.0,0.0,0.0,0.0,0.0,0.0
12.039999999999832,0.0,0.0,0.0,0.0,0.0,0.0,0.0,0.0,0.0,0.0,0.0,0.0
12.059999999999832,0.0,0.0,0.0,0.0,0.0,0.0,0.0,0.0,0.0,0.0,0.0,0.0
12.079999999999831,0.0,0.0,0.0,0.0,0.0,0.0,0.0,0.0,0.0,0.0,0.0,0.0
12.099999999999831,0.0,0.0,0.0,0.0,0.0,0.0,0.0,0.0,0.0,0.0,0.0,0.0
12.11999999999983,0.0,0.0,0.0,0.0,0.0,0.0,0.0,0.0,0.0,0.0,0.0,0.0
12.13999999999983,0.0,0.0,0.0,0.0,0.0,0.0,0.0,0.0,0.0,0.0,0.0,0.0
12.15999999999983,0.0,0.0,0.0,0.0,0.0,0.0,0.0,0.0,0.0,0.0,0.0,0.0
12.17999999999983,0.0,0.0,0.0,0.0,0.0,0.0,0.0,0.0,0.0,0.0,0.0,0.0
12.199999999999829,0.0,0.0,0.0,0.0,0.0,0.0,0.0,0.0,0.0,0.0,0.0,0.0
12.219999999999828,0.0,0.0,0.0,0.0,0.0,0.0,0.0,0.0,0.0,0.0,0.0,0.0
12.239999999999828,0.0,0.0,0.0,0.0,0.0,0.0,0.0,0.0,0.0,0.0,0.0,0.0
12.259999999999827,0.0,0.0,0.0,0.0,0.0,0.0,0.0,0.0,0.0,0.0,0.0,0.0
12.279999999999827,0.0,0.0,0.0,0.0,0.0,0.0,0.0,0.0,0.0,0.0,0.0,0.0
12.299999999999827,0.0,0.0,0.0,0.0,0.0,0.0,0.0,0.0,0.0,0.0,0.0,0.0
12.319999999999826,0.0,0.0,0.0,0.0,0.0,0.0,0.0,0.0,0.0,0.0,0.0,0.0
12.339999999999826,0.0,0.0,0.0,0.0,0.0,0.0,0.0,0.0,0.0,0.0,0.0,0.0
12.359999999999825,0.0,0.0,0.0,0.0,0.0,0.0,0.0,0.0,0.0,0.0,0.0,0.0
12.379999999999825,0.0,0.0,0.0,0.0,0.0,0.0,0.0,0.0,0.0,0.0,0.0,0.0
12.399999999999824,0.0,0.0,0.0,0.0,0.0,0.0,0.0,0.0,0.0,0.0,0.0,0.0
12.419999999999824,0.0,0.0,0.0,0.0,0.0,0.0,0.0,0.0,0.0,0.0,0.0,0.0
12.439999999999824,0.0,0.0,0.0,0.0,0.0,0.0,0.0,0.0,0.0,0.0,0.0,0.0
12.459999999999823,0.0,0.0,0.0,0.0,0.0,0.0,0.0,0.0,0.0,0.0,0.0,0.0
12.479999999999823,0.0,0.0,0.0,0.0,0.0,0.0,0.0,0.0,0.0,0.0,0.0,0.0
12.499999999999822,0.0,0.0,0.0,0.0,0.0,0.0,0.0,0.0,0.0,0.0,0.0,0.0
12.519999999999822,0.0,0.0,0.0,0.0,0.0,0.0,0.0,0.0,0.0,0.0,0.0,0.0
12.539999999999822,0.0,0.0,0.0,0.0,0.0,0.0,0.0,0.0,0.0,0.0,0.0,0.0
12.559999999999821,0.0,0.0,0.0,0.0,0.0,0.0,0.0,0.0,0.0,0.0,0.0,0.0
12.57999999999982,0.0,0.0,0.0,0.0,0.0,0.0,0.0,0.0,0.0,0.0,0.0,0.0
12.59999999999982,0.0,0.0,0.0,0.0,0.0,0.0,0.0,0.0,0.0,0.0,0.0,0.0
12.61999999999982,0.0,0.0,0.0,0.0,0.0,0.0,0.0,0.0,0.0,0.0,0.0,0.0
12.63999999999982,0.0,0.0,0.0,0.0,0.0,0.0,0.0,0.0,0.0,0.0,0.0,0.0
12.659999999999819,0.0,0.0,0.0,0.0,0.0,0.0,0.0,0.0,0.0,0.0,0.0,0.0
12.679999999999819,0.0,0.0,0.0,0.0,0.0,0.0,0.0,0.0,0.0,0.0,0.0,0.0
12.699999999999818,0.0,0.0,0.0,0.0,0.0,0.0,0.0,0.0,0.0,0.0,0.0,0.0
12.719999999999818,0.0,0.0,0.0,0.0,0.0,0.0,0.0,0.0,0.0,0.0,0.0,0.0
12.739999999999817,0.0,0.0,0.0,0.0,0.0,0.0,0.0,0.0,0.0,0.0,0.0,0.0
12.759999999999817,0.0,0.0,0.0,0.0,0.0,0.0,0.0,0.0,0.0,0.0,0.0,0.0
12.779999999999816,0.0,0.0,0.0,0.0,0.0,0.0,0.0,0.0,0.0,0.0,0.0,0.0
12.799999999999816,0.0,0.0,0.0,0.0,0.0,0.0,0.0,0.0,0.0,0.0,0.0,0.0
12.819999999999816,0.0,0.0,0.0,0.0,0.0,0.0,0.0,0.0,0.0,0.0,0.0,0.0
12.839999999999815,0.0,0.0,0.0,0.0,0.0,0.0,0.0,0.0,0.0,0.0,0.0,0.0
12.859999999999815,0.0,0.0,0.0,0.0,0.0,0.0,0.0,0.0,0.0,0.0,0.0,0.0
12.879999999999814,0.0,0.0,0.0,0.0,0.0,0.0,0.0,0.0,0.0,0.0,0.0,0.0
12.899999999999814,0.0,0.0,0.0,0.0,0.0,0.0,0.0,0.0,0.0,0.0,0.0,0.0
12.919999999999813,0.0,0.0,0.0,0.0,0.0,0.0,0.0,0.0,0.0,0.0,0.0,0.0
12.939999999999813,0.0,0.0,0.0,0.0,0.0,0.0,0.0,0.0,0.0,0.0,0.0,0.0
12.959999999999813,0.0,0.0,0.0,0.0,0.0,0.0,0.0,0.0,0.0,0.0,0.0,0.0
12.979999999999812,0.0,0.0,0.0,0.0,0.0,0.0,0.0,0.0,0.0,0.0,0.0,0.0
12.999999999999812,0.0,0.0,0.0,0.0,0.0,0.0,0.0,0.0,0.0,0.0,0.0,0.0
13.019999999999811,0.0,0.0,0.0,0.0,0.0,0.0,0.0,0.0,0.0,0.0,0.0,0.0
13.03999999999981,0.0,0.0,0.0,0.0,0.0,0.0,0.0,0.0,0.0,0.0,0.0,0.0
13.05999999999981,0.0,0.0,0.0,0.0,0.0,0.0,0.0,0.0,0.0,0.0,0.0,0.0
13.07999999999981,0.0,0.0,0.0,0.0,0.0,0.0,0.0,0.0,0.0,0.0,0.0,0.0
13.09999999999981,0.0,0.0,0.0,0.0,0.0,0.0,0.0,0.0,0.0,0.0,0.0,0.0
13.11999999999981,0.0,0.0,0.0,0.0,0.0,0.0,0.0,0.0,0.0,0.0,0.0,0.0
13.139999999999809,0.0,0.0,0.0,0.0,0.0,0.0,0.0,0.0,0.0,0.0,0.0,0.0
13.159999999999808,0.0,0.0,0.0,0.0,0.0,0.0,0.0,0.0,0.0,0.0,0.0,0.0
13.179999999999808,0.0,0.0,0.0,0.0,0.0,0.0,0.0,0.0,0.0,0.0,0.0,0.0
13.199999999999807,0.0,0.0,0.0,0.0,0.0,0.0,0.0,0.0,0.0,0.0,0.0,0.0
13.219999999999807,0.0,0.0,0.0,0.0,0.0,0.0,0.0,0.0,0.0,0.0,0.0,0.0
13.239999999999807,0.0,0.0,0.0,0.0,0.0,0.0,0.0,0.0,0.0,0.0,0.0,0.0
13.259999999999806,0.0,0.0,0.0,0.0,0.0,0.0,0.0,0.0,0.0,0.0,0.0,0.0
13.279999999999806,0.0,0.0,0.0,0.0,0.0,0.0,0.0,0.0,0.0,0.0,0.0,0.0
13.299999999999805,0.0,0.0,0.0,0.0,0.0,0.0,0.0,0.0,0.0,0.0,0.0,0.0
13.319999999999805,0.0,0.0,0.0,0.0,0.0,0.0,0.0,0.0,0.0,0.0,0.0,0.0
13.339999999999804,0.0,0.0,0.0,0.0,0.0,0.0,0.0,0.0,0.0,0.0,0.0,0.0
13.359999999999804,0.0,0.0,0.0,0.0,0.0,0.0,0.0,0.0,0.0,0.0,0.0,0.0
13.379999999999804,0.0,0.0,0.0,0.0,0.0,0.0,0.0,0.0,0.0,0.0,0.0,0.0
13.399999999999803,0.0,0.0,0.0,0.0,0.0,0.0,0.0,0.0,0.0,0.0,0.0,0.0
13.419999999999803,0.0,0.0,0.0,0.0,0.0,0.0,0.0,0.0,0.0,0.0,0.0,0.0
13.439999999999802,0.0,0.0,0.0,0.0,0.0,0.0,0.0,0.0,0.0,0.0,0.0,0.0
13.459999999999802,0.0,0.0,0.0,0.0,0.0,0.0,0.0,0.0,0.0,0.0,0.0,0.0
13.479999999999801,0.0,0.0,0.0,0.0,0.0,0.0,0.0,0.0,0.0,0.0,0.0,0.0
13.499999999999801,0.0,0.0,0.0,0.0,0.0,0.0,0.0,0.0,0.0,0.0,0.0,0.0
13.5199999999998,0.0,0.0,0.0,0.0,0.0,0.0,0.0,0.0,0.0,0.0,0.0,0.0
13.5399999999998,0.0,0.0,0.0,0.0,0.0,0.0,0.0,0.0,0.0,0.0,0.0,0.0
13.5599999999998,0.0,0.0,0.0,0.0,0.0,0.0,0.0,0.0,0.0,0.0,0.0,0.0
13.5799999999998,0.0,0.0,0.0,0.0,0.0,0.0,0.0,0.0,0.0,0.0,0.0,0.0
13.599999999999799,0.0,0.0,0.0,0.0,0.0,0.0,0.0,0.0,0.0,0.0,0.0,0.0
13.619999999999798,0.0,0.0,0.0,0.0,0.0,0.0,0.0,0.0,0.0,0.0,0.0,0.0
13.639999999999798,0.0,0.0,0.0,0.0,0.0,0.0,0.0,0.0,0.0,0.0,0.0,0.0
13.659999999999798,0.0,0.0,0.0,0.0,0.0,0.0,0.0,0.0,0.0,0.0,0.0,0.0
13.679999999999797,0.0,0.0,0.0,0.0,0.0,0.0,0.0,0.0,0.0,0.0,0.0,0.0
13.699999999999797,0.0,0.0,0.0,0.0,0.0,0.0,0.0,0.0,0.0,0.0,0.0,0.0
13.719999999999796,0.0,0.0,0.0,0.0,0.0,0.0,0.0,0.0,0.0,0.0,0.0,0.0
13.739999999999796,0.0,0.0,0.0,0.0,0.0,0.0,0.0,0.0,0.0,0.0,0.0,0.0
13.759999999999796,0.0,0.0,0.0,0.0,0.0,0.0,0.0,0.0,0.0,0.0,0.0,0.0
13.779999999999795,0.0,0.0,0.0,0.0,0.0,0.0,0.0,0.0,0.0,0.0,0.0,0.0
13.799999999999795,0.0,0.0,0.0,0.0,0.0,0.0,0.0,0.0,0.0,0.0,0.0,0.0
13.819999999999794,0.0,0.0,0.0,0.0,0.0,0.0,0.0,0.0,0.0,0.0,0.0,0.0
13.839999999999794,0.0,0.0,0.0,0.0,0.0,0.0,0.0,0.0,0.0,0.0,0.0,0.0
13.859999999999793,0.0,0.0,0.0,0.0,0.0,0.0,0.0,0.0,0.0,0.0,0.0,0.0
13.879999999999793,0.0,0.0,0.0,0.0,0.0,0.0,0.0,0.0,0.0,0.0,0.0,0.0
13.899999999999793,0.0,0.0,0.0,0.0,0.0,0.0,0.0,0.0,0.0,0.0,0.0,0.0
13.919999999999792,0.0,0.0,0.0,0.0,0.0,0.0,0.0,0.0,0.0,0.0,0.0,0.0
13.939999999999792,0.0,0.0,0.0,0.0,0.0,0.0,0.0,0.0,0.0,0.0,0.0,0.0
13.959999999999791,0.0,0.0,0.0,0.0,0.0,0.0,0.0,0.0,0.0,0.0,0.0,0.0
13.97999999999979,0.0,0.0,0.0,0.0,0.0,0.0,0.0,0.0,0.0,0.0,0.0,0.0
13.99999999999979,0.0,0.0,0.0,0.0,0.0,0.0,0.0,0.0,0.0,0.0,0.0,0.0
14.01999999999979,0.0,0.0,0.0,0.0,0.0,0.0,0.0,0.0,0.0,0.0,0.0,0.0
14.03999999999979,0.0,0.0,0.0,0.0,0.0,0.0,0.0,0.0,0.0,0.0,0.0,0.0
14.059999999999789,0.0,0.0,0.0,0.0,0.0,0.0,0.0,0.0,0.0,0.0,0.0,0.0
14.079999999999789,0.0,0.0,0.0,0.0,0.0,0.0,0.0,0.0,0.0,0.0,0.0,0.0
14.099999999999788,0.0,0.0,0.0,0.0,0.0,0.0,0.0,0.0,0.0,0.0,0.0,0.0
14.119999999999788,0.0,0.0,0.0,0.0,0.0,0.0,0.0,0.0,0.0,0.0,0.0,0.0
14.139999999999787,0.0,0.0,0.0,0.0,0.0,0.0,0.0,0.0,0.0,0.0,0.0,0.0
14.159999999999787,0.0,0.0,0.0,0.0,0.0,0.0,0.0,0.0,0.0,0.0,0.0,0.0
14.179999999999787,0.0,0.0,0.0,0.0,0.0,0.0,0.0,0.0,0.0,0.0,0.0,0.0
14.199999999999786,0.0,0.0,0.0,0.0,0.0,0.0,0.0,0.0,0.0,0.0,0.0,0.0
14.219999999999786,0.0,0.0,0.0,0.0,0.0,0.0,0.0,0.0,0.0,0.0,0.0,0.0
14.239999999999785,0.0,0.0,0.0,0.0,0.0,0.0,0.0,0.0,0.0,0.0,0.0,0.0
14.259999999999785,0.0,0.0,0.0,0.0,0.0,0.0,0.0,0.0,0.0,0.0,0.0,0.0
14.279999999999784,0.0,0.0,0.0,0.0,0.0,0.0,0.0,0.0,0.0,0.0,0.0,0.0
14.299999999999784,0.0,0.0,0.0,0.0,0.0,0.0,0.0,0.0,0.0,0.0,0.0,0.0
14.319999999999784,0.0,0.0,0.0,0.0,0.0,0.0,0.0,0.0,0.0,0.0,0.0,0.0
14.339999999999783,0.0,0.0,0.0,0.0,0.0,0.0,0.0,0.0,0.0,0.0,0.0,0.0
14.359999999999783,0.0,0.0,0.0,0.0,0.0,0.0,0.0,0.0,0.0,0.0,0.0,0.0
14.379999999999782,0.0,0.0,0.0,0.0,0.0,0.0,0.0,0.0,0.0,0.0,0.0,0.0
14.399999999999782,0.0,0.0,0.0,0.0,0.0,0.0,0.0,0.0,0.0,0.0,0.0,0.0
14.419999999999781,0.0,0.0,0.0,0.0,0.0,0.0,0.0,0.0,0.0,0.0,0.0,0.0
14.439999999999781,0.0,0.0,0.0,0.0,0.0,0.0,0.0,0.0,0.0,0.0,0.0,0.0
14.45999999999978,0.0,0.0,0.0,0.0,0.0,0.0,0.0,0.0,0.0,0.0,0.0,0.0
14.47999999999978,0.0,0.0,0.0,0.0,0.0,0.0,0.0,0.0,0.0,0.0,0.0,0.0
14.49999999999978,0.0,0.0,0.0,0.0,0.0,0.0,0.0,0.0,0.0,0.0,0.0,0.0
14.51999999999978,0.0,0.0,0.0,0.0,0.0,0.0,0.0,0.0,0.0,0.0,0.0,0.0
14.539999999999779,0.0,0.0,0.0,0.0,0.0,0.0,0.0,0.0,0.0,0.0,0.0,0.0
14.559999999999778,0.0,0.0,0.0,0.0,0.0,0.0,0.0,0.0,0.0,0.0,0.0,0.0
14.579999999999778,0.0,0.0,0.0,0.0,0.0,0.0,0.0,0.0,0.0,0.0,0.0,0.0
14.599999999999778,0.0,0.0,0.0,0.0,0.0,0.0,0.0,0.0,0.0,0.0,0.0,0.0
14.619999999999777,0.0,0.0,0.0,0.0,0.0,0.0,0.0,0.0,0.0,0.0,0.0,0.0
14.639999999999777,0.0,0.0,0.0,0.0,0.0,0.0,0.0,0.0,0.0,0.0,0.0,0.0
14.659999999999776,0.0,0.0,0.0,0.0,0.0,0.0,0.0,0.0,0.0,0.0,0.0,0.0
14.679999999999776,0.0,0.0,0.0,0.0,0.0,0.0,0.0,0.0,0.0,0.0,0.0,0.0
14.699999999999775,0.0,0.0,0.0,0.0,0.0,0.0,0.0,0.0,0.0,0.0,0.0,0.0
14.719999999999775,0.0,0.0,0.0,0.0,0.0,0.0,0.0,0.0,0.0,0.0,0.0,0.0
14.739999999999775,0.0,0.0,0.0,0.0,0.0,0.0,0.0,0.0,0.0,0.0,0.0,0.0
14.759999999999774,0.0,0.0,0.0,0.0,0.0,0.0,0.0,0.0,0.0,0.0,0.0,0.0
14.779999999999774,0.0,0.0,0.0,0.0,0.0,0.0,0.0,0.0,0.0,0.0,0.0,0.0
14.799999999999773,0.0,0.0,0.0,0.0,0.0,0.0,0.0,0.0,0.0,0.0,0.0,0.0
14.819999999999773,0.0,0.0,0.0,0.0,0.0,0.0,0.0,0.0,0.0,0.0,0.0,0.0
14.839999999999772,0.0,0.0,0.0,0.0,0.0,0.0,0.0,0.0,0.0,0.0,0.0,0.0
14.859999999999772,0.0,0.0,0.0,0.0,0.0,0.0,0.0,0.0,0.0,0.0,0.0,0.0
14.879999999999772,0.0,0.0,0.0,0.0,0.0,0.0,0.0,0.0,0.0,0.0,0.0,0.0
14.899999999999771,0.0,0.0,0.0,0.0,0.0,0.0,0.0,0.0,0.0,0.0,0.0,0.0
14.91999999999977,0.0,0.0,0.0,0.0,0.0,0.0,0.0,0.0,0.0,0.0,0.0,0.0
14.93999999999977,0.0,0.0,0.0,0.0,0.0,0.0,0.0,0.0,0.0,0.0,0.0,0.0
14.95999999999977,0.0,0.0,0.0,0.0,0.0,0.0,0.0,0.0,0.0,0.0,0.0,0.0
14.97999999999977,0.0,0.0,0.0,0.0,0.0,0.0,0.0,0.0,0.0,0.0,0.0,0.0
14.999999999999769,0.0,0.0,0.0,0.0,0.0,0.0,0.0,0.0,0.0,0.0,0.0,0.0
15.019999999999769,0.0,0.0,0.0,0.0,0.0,0.0,0.0,0.0,0.0,0.0,0.0,0.0
15.039999999999768,0.0,0.0,0.0,0.0,0.0,0.0,0.0,0.0,0.0,0.0,0.0,0.0
15.059999999999768,0.0,0.0,0.0,0.0,0.0,0.0,0.0,0.0,0.0,0.0,0.0,0.0
15.079999999999767,0.0,0.0,0.0,0.0,0.0,0.0,0.0,0.0,0.0,0.0,0.0,0.0
15.099999999999767,0.0,0.0,0.0,0.0,0.0,0.0,0.0,0.0,0.0,0.0,0.0,0.0
15.119999999999767,0.0,0.0,0.0,0.0,0.0,0.0,0.0,0.0,0.0,0.0,0.0,0.0
15.139999999999766,0.0,0.0,0.0,0.0,0.0,0.0,0.0,0.0,0.0,0.0,0.0,0.0
15.159999999999766,0.0,0.0,0.0,0.0,0.0,0.0,0.0,0.0,0.0,0.0,0.0,0.0
15.179999999999765,0.0,0.0,0.0,0.0,0.0,0.0,0.0,0.0,0.0,0.0,0.0,0.0
15.199999999999765,0.0,0.0,0.0,0.0,0.0,0.0,0.0,0.0,0.0,0.0,0.0,0.0
15.219999999999764,0.0,0.0,0.0,0.0,0.0,0.0,0.0,0.0,0.0,0.0,0.0,0.0
15.239999999999764,0.0,0.0,0.0,0.0,0.0,0.0,0.0,0.0,0.0,0.0,0.0,0.0
15.259999999999764,0.0,0.0,0.0,0.0,0.0,0.0,0.0,0.0,0.0,0.0,0.0,0.0
15.279999999999763,0.0,0.0,0.0,0.0,0.0,0.0,0.0,0.0,0.0,0.0,0.0,0.0
15.299999999999763,0.0,0.0,0.0,0.0,0.0,0.0,0.0,0.0,0.0,0.0,0.0,0.0
15.319999999999762,0.0,0.0,0.0,0.0,0.0,0.0,0.0,0.0,0.0,0.0,0.0,0.0
15.339999999999762,0.0,0.0,0.0,0.0,0.0,0.0,0.0,0.0,0.0,0.0,0.0,0.0
15.359999999999761,0.0,0.0,0.0,0.0,0.0,0.0,0.0,0.0,0.0,0.0,0.0,0.0
15.379999999999761,0.0,0.0,0.0,0.0,0.0,0.0,0.0,0.0,0.0,0.0,0.0,0.0
15.39999999999976,0.0,0.0,0.0,0.0,0.0,0.0,0.0,0.0,0.0,0.0,0.0,0.0
15.41999999999976,0.0,0.0,0.0,0.0,0.0,0.0,0.0,0.0,0.0,0.0,0.0,0.0
15.43999999999976,0.0,0.0,0.0,0.0,0.0,0.0,0.0,0.0,0.0,0.0,0.0,0.0
15.45999999999976,0.0,0.0,0.0,0.0,0.0,0.0,0.0,0.0,0.0,0.0,0.0,0.0
15.479999999999759,0.0,0.0,0.0,0.0,0.0,0.0,0.0,0.0,0.0,0.0,0.0,0.0
15.499999999999758,0.0,0.0,0.0,0.0,0.0,0.0,0.0,0.0,0.0,0.0,0.0,0.0
15.519999999999758,0.0,0.0,0.0,0.0,0.0,0.0,0.0,0.0,0.0,0.0,0.0,0.0
15.539999999999758,0.0,0.0,0.0,0.0,0.0,0.0,0.0,0.0,0.0,0.0,0.0,0.0
15.559999999999757,0.0,0.0,0.0,0.0,0.0,0.0,0.0,0.0,0.0,0.0,0.0,0.0
15.579999999999757,0.0,0.0,0.0,0.0,0.0,0.0,0.0,0.0,0.0,0.0,0.0,0.0
15.599999999999756,0.0,0.0,0.0,0.0,0.0,0.0,0.0,0.0,0.0,0.0,0.0,0.0
15.619999999999756,0.0,0.0,0.0,0.0,0.0,0.0,0.0,0.0,0.0,0.0,0.0,0.0
15.639999999999755,0.0,0.0,0.0,0.0,0.0,0.0,0.0,0.0,0.0,0.0,0.0,0.0
15.659999999999755,0.0,0.0,0.0,0.0,0.0,0.0,0.0,0.0,0.0,0.0,0.0,0.0
15.679999999999755,0.0,0.0,0.0,0.0,0.0,0.0,0.0,0.0,0.0,0.0,0.0,0.0
15.699999999999754,0.0,0.0,0.0,0.0,0.0,0.0,0.0,0.0,0.0,0.0,0.0,0.0
15.719999999999754,0.0,0.0,0.0,0.0,0.0,0.0,0.0,0.0,0.0,0.0,0.0,0.0
15.739999999999753,0.0,0.0,0.0,0.0,0.0,0.0,0.0,0.0,0.0,0.0,0.0,0.0
15.759999999999753,0.0,0.0,0.0,0.0,0.0,0.0,0.0,0.0,0.0,0.0,0.0,0.0
15.779999999999752,0.0,0.0,0.0,0.0,0.0,0.0,0.0,0.0,0.0,0.0,0.0,0.0
15.799999999999752,0.0,0.0,0.0,0.0,0.0,0.0,0.0,0.0,0.0,0.0,0.0,0.0
15.819999999999752,0.0,0.0,0.0,0.0,0.0,0.0,0.0,0.0,0.0,0.0,0.0,0.0
15.839999999999751,0.0,0.0,0.0,0.0,0.0,0.0,0.0,0.0,0.0,0.0,0.0,0.0
15.85999999999975,0.0,0.0,0.0,0.0,0.0,0.0,0.0,0.0,0.0,0.0,0.0,0.0
15.87999999999975,0.0,0.0,0.0,0.0,0.0,0.0,0.0,0.0,0.0,0.0,0.0,0.0
15.89999999999975,0.0,0.0,0.0,0.0,0.0,0.0,0.0,0.0,0.0,0.0,0.0,0.0
15.91999999999975,0.0,0.0,0.0,0.0,0.0,0.0,0.0,0.0,0.0,0.0,0.0,0.0
15.939999999999749,0.0,0.0,0.0,0.0,0.0,0.0,0.0,0.0,0.0,0.0,0.0,0.0
15.959999999999749,0.0,0.0,0.0,0.0,0.0,0.0,0.0,0.0,0.0,0.0,0.0,0.0
15.979999999999748,0.0,0.0,0.0,0.0,0.0,0.0,0.0,0.0,0.0,0.0,0.0,0.0
15.999999999999748,0.0,0.0,0.0,0.0,0.0,0.0,0.0,0.0,0.0,0.0,0.0,0.0
16.019999999999747,0.0,0.0,0.0,0.0,0.0,0.0,0.0,0.0,0.0,0.0,0.0,0.0
16.039999999999747,0.0,0.0,0.0,0.0,0.0,0.0,0.0,0.0,0.0,0.0,0.0,0.0
16.059999999999746,0.0,0.0,0.0,0.0,0.0,0.0,0.0,0.0,0.0,0.0,0.0,0.0
16.079999999999746,0.0,0.0,0.0,0.0,0.0,0.0,0.0,0.0,0.0,0.0,0.0,0.0
16.099999999999746,0.0,0.0,0.0,0.0,0.0,0.0,0.0,0.0,0.0,0.0,0.0,0.0
16.119999999999745,0.0,0.0,0.0,0.0,0.0,0.0,0.0,0.0,0.0,0.0,0.0,0.0
16.139999999999745,0.0,0.0,0.0,0.0,0.0,0.0,0.0,0.0,0.0,0.0,0.0,0.0
16.159999999999744,0.0,0.0,0.0,0.0,0.0,0.0,0.0,0.0,0.0,0.0,0.0,0.0
16.179999999999744,0.0,0.0,0.0,0.0,0.0,0.0,0.0,0.0,0.0,0.0,0.0,0.0
16.199999999999743,0.0,0.0,0.0,0.0,0.0,0.0,0.0,0.0,0.0,0.0,0.0,0.0
16.219999999999743,0.0,0.0,0.0,0.0,0.0,0.0,0.0,0.0,0.0,0.0,0.0,0.0
16.239999999999743,0.0,0.0,0.0,0.0,0.0,0.0,0.0,0.0,0.0,0.0,0.0,0.0
16.259999999999742,0.0,0.0,0.0,0.0,0.0,0.0,0.0,0.0,0.0,0.0,0.0,0.0
16.279999999999742,0.0,0.0,0.0,0.0,0.0,0.0,0.0,0.0,0.0,0.0,0.0,0.0
16.29999999999974,0.0,0.0,0.0,0.0,0.0,0.0,0.0,0.0,0.0,0.0,0.0,0.0
16.31999999999974,0.0,0.0,0.0,0.0,0.0,0.0,0.0,0.0,0.0,0.0,0.0,0.0
16.33999999999974,0.0,0.0,0.0,0.0,0.0,0.0,0.0,0.0,0.0,0.0,0.0,0.0
16.35999999999974,0.0,0.0,0.0,0.0,0.0,0.0,0.0,0.0,0.0,0.0,0.0,0.0
16.37999999999974,0.0,0.0,0.0,0.0,0.0,0.0,0.0,0.0,0.0,0.0,0.0,0.0
16.39999999999974,0.0,0.0,0.0,0.0,0.0,0.0,0.0,0.0,0.0,0.0,0.0,0.0
16.41999999999974,0.0,0.0,0.0,0.0,0.0,0.0,0.0,0.0,0.0,0.0,0.0,0.0
16.43999999999974,0.0,0.0,0.0,0.0,0.0,0.0,0.0,0.0,0.0,0.0,0.0,0.0
16.459999999999738,0.0,0.0,0.0,0.0,0.0,0.0,0.0,0.0,0.0,0.0,0.0,0.0
16.479999999999738,0.0,0.0,0.0,0.0,0.0,0.0,0.0,0.0,0.0,0.0,0.0,0.0
16.499999999999737,0.0,0.0,0.0,0.0,0.0,0.0,0.0,0.0,0.0,0.0,0.0,0.0
16.519999999999737,0.0,0.0,0.0,0.0,0.0,0.0,0.0,0.0,0.0,0.0,0.0,0.0
16.539999999999736,0.0,0.0,0.0,0.0,0.0,0.0,0.0,0.0,0.0,0.0,0.0,0.0
16.559999999999736,0.0,0.0,0.0,0.0,0.0,0.0,0.0,0.0,0.0,0.0,0.0,0.0
16.579999999999735,0.0,0.0,0.0,0.0,0.0,0.0,0.0,0.0,0.0,0.0,0.0,0.0
16.599999999999735,0.0,0.0,0.0,0.0,0.0,0.0,0.0,0.0,0.0,0.0,0.0,0.0
16.619999999999735,0.0,0.0,0.0,0.0,0.0,0.0,0.0,0.0,0.0,0.0,0.0,0.0
16.639999999999734,0.0,0.0,0.0,0.0,0.0,0.0,0.0,0.0,0.0,0.0,0.0,0.0
16.659999999999734,0.0,0.0,0.0,0.0,0.0,0.0,0.0,0.0,0.0,0.0,0.0,0.0
16.679999999999733,0.0,0.0,0.0,0.0,0.0,0.0,0.0,0.0,0.0,0.0,0.0,0.0
16.699999999999733,0.0,0.0,0.0,0.0,0.0,0.0,0.0,0.0,0.0,0.0,0.0,0.0
16.719999999999732,0.0,0.0,0.0,0.0,0.0,0.0,0.0,0.0,0.0,0.0,0.0,0.0
16.739999999999732,0.0,0.0,0.0,0.0,0.0,0.0,0.0,0.0,0.0,0.0,0.0,0.0
16.75999999999973,0.0,0.0,0.0,0.0,0.0,0.0,0.0,0.0,0.0,0.0,0.0,0.0
16.77999999999973,0.0,0.0,0.0,0.0,0.0,0.0,0.0,0.0,0.0,0.0,0.0,0.0
16.79999999999973,0.0,0.0,0.0,0.0,0.0,0.0,0.0,0.0,0.0,0.0,0.0,0.0
16.81999999999973,0.0,0.0,0.0,0.0,0.0,0.0,0.0,0.0,0.0,0.0,0.0,0.0
16.83999999999973,0.0,0.0,0.0,0.0,0.0,0.0,0.0,0.0,0.0,0.0,0.0,0.0
16.85999999999973,0.0,0.0,0.0,0.0,0.0,0.0,0.0,0.0,0.0,0.0,0.0,0.0
16.87999999999973,0.0,0.0,0.0,0.0,0.0,0.0,0.0,0.0,0.0,0.0,0.0,0.0
16.89999999999973,0.0,0.0,0.0,0.0,0.0,0.0,0.0,0.0,0.0,0.0,0.0,0.0
16.919999999999728,0.0,0.0,0.0,0.0,0.0,0.0,0.0,0.0,0.0,0.0,0.0,0.0
16.939999999999728,0.0,0.0,0.0,0.0,0.0,0.0,0.0,0.0,0.0,0.0,0.0,0.0
16.959999999999727,0.0,0.0,0.0,0.0,0.0,0.0,0.0,0.0,0.0,0.0,0.0,0.0
16.979999999999727,0.0,0.0,0.0,0.0,0.0,0.0,0.0,0.0,0.0,0.0,0.0,0.0
16.999999999999726,0.0,0.0,0.0,0.0,0.0,0.0,0.0,0.0,0.0,0.0,0.0,0.0
17.019999999999726,0.0,0.0,0.0,0.0,0.0,0.0,0.0,0.0,0.0,0.0,0.0,0.0
17.039999999999726,0.0,0.0,0.0,0.0,0.0,0.0,0.0,0.0,0.0,0.0,0.0,0.0
17.059999999999725,0.0,0.0,0.0,0.0,0.0,0.0,0.0,0.0,0.0,0.0,0.0,0.0
17.079999999999725,0.0,0.0,0.0,0.0,0.0,0.0,0.0,0.0,0.0,0.0,0.0,0.0
17.099999999999724,0.0,0.0,0.0,0.0,0.0,0.0,0.0,0.0,0.0,0.0,0.0,0.0
17.119999999999724,0.0,0.0,0.0,0.0,0.0,0.0,0.0,0.0,0.0,0.0,0.0,0.0
17.139999999999723,0.0,0.0,0.0,0.0,0.0,0.0,0.0,0.0,0.0,0.0,0.0,0.0
17.159999999999723,0.0,0.0,0.0,0.0,0.0,0.0,0.0,0.0,0.0,0.0,0.0,0.0
17.179999999999723,0.0,0.0,0.0,0.0,0.0,0.0,0.0,0.0,0.0,0.0,0.0,0.0
17.199999999999722,0.0,0.0,0.0,0.0,0.0,0.0,0.0,0.0,0.0,0.0,0.0,0.0
17.21999999999972,0.0,0.0,0.0,0.0,0.0,0.0,0.0,0.0,0.0,0.0,0.0,0.0
17.23999999999972,0.0,0.0,0.0,0.0,0.0,0.0,0.0,0.0,0.0,0.0,0.0,0.0
17.25999999999972,0.0,0.0,0.0,0.0,0.0,0.0,0.0,0.0,0.0,0.0,0.0,0.0
17.27999999999972,0.0,0.0,0.0,0.0,0.0,0.0,0.0,0.0,0.0,0.0,0.0,0.0
17.29999999999972,0.0,0.0,0.0,0.0,0.0,0.0,0.0,0.0,0.0,0.0,0.0,0.0
17.31999999999972,0.0,0.0,0.0,0.0,0.0,0.0,0.0,0.0,0.0,0.0,0.0,0.0
17.33999999999972,0.0,0.0,0.0,0.0,0.0,0.0,0.0,0.0,0.0,0.0,0.0,0.0
17.35999999999972,0.0,0.0,0.0,0.0,0.0,0.0,0.0,0.0,0.0,0.0,0.0,0.0
17.37999999999972,0.0,0.0,0.0,0.0,0.0,0.0,0.0,0.0,0.0,0.0,0.0,0.0
17.399999999999718,0.0,0.0,0.0,0.0,0.0,0.0,0.0,0.0,0.0,0.0,0.0,0.0
17.419999999999717,0.0,0.0,0.0,0.0,0.0,0.0,0.0,0.0,0.0,0.0,0.0,0.0
17.439999999999717,0.0,0.0,0.0,0.0,0.0,0.0,0.0,0.0,0.0,0.0,0.0,0.0
17.459999999999717,0.0,0.0,0.0,0.0,0.0,0.0,0.0,0.0,0.0,0.0,0.0,0.0
17.479999999999716,0.0,0.0,0.0,0.0,0.0,0.0,0.0,0.0,0.0,0.0,0.0,0.0
17.499999999999716,0.0,0.0,0.0,0.0,0.0,0.0,0.0,0.0,0.0,0.0,0.0,0.0
17.519999999999715,0.0,0.0,0.0,0.0,0.0,0.0,0.0,0.0,0.0,0.0,0.0,0.0
17.539999999999715,0.0,0.0,0.0,0.0,0.0,0.0,0.0,0.0,0.0,0.0,0.0,0.0
17.559999999999715,0.0,0.0,0.0,0.0,0.0,0.0,0.0,0.0,0.0,0.0,0.0,0.0
17.579999999999714,0.0,0.0,0.0,0.0,0.0,0.0,0.0,0.0,0.0,0.0,0.0,0.0
17.599999999999714,0.0,0.0,0.0,0.0,0.0,0.0,0.0,0.0,0.0,0.0,0.0,0.0
17.619999999999713,0.0,0.0,0.0,0.0,0.0,0.0,0.0,0.0,0.0,0.0,0.0,0.0
17.639999999999713,0.0,0.0,0.0,0.0,0.0,0.0,0.0,0.0,0.0,0.0,0.0,0.0
17.659999999999712,0.0,0.0,0.0,0.0,0.0,0.0,0.0,0.0,0.0,0.0,0.0,0.0
17.679999999999712,0.0,0.0,0.0,0.0,0.0,0.0,0.0,0.0,0.0,0.0,0.0,0.0
17.69999999999971,0.0,0.0,0.0,0.0,0.0,0.0,0.0,0.0,0.0,0.0,0.0,0.0
17.71999999999971,0.0,0.0,0.0,0.0,0.0,0.0,0.0,0.0,0.0,0.0,0.0,0.0
17.73999999999971,0.0,0.0,0.0,0.0,0.0,0.0,0.0,0.0,0.0,0.0,0.0,0.0
17.75999999999971,0.0,0.0,0.0,0.0,0.0,0.0,0.0,0.0,0.0,0.0,0.0,0.0
17.77999999999971,0.0,0.0,0.0,0.0,0.0,0.0,0.0,0.0,0.0,0.0,0.0,0.0
17.79999999999971,0.0,0.0,0.0,0.0,0.0,0.0,0.0,0.0,0.0,0.0,0.0,0.0
17.81999999999971,0.0,0.0,0.0,0.0,0.0,0.0,0.0,0.0,0.0,0.0,0.0,0.0
17.83999999999971,0.0,0.0,0.0,0.0,0.0,0.0,0.0,0.0,0.0,0.0,0.0,0.0
17.859999999999708,0.0,0.0,0.0,0.0,0.0,0.0,0.0,0.0,0.0,0.0,0.0,0.0
17.879999999999708,0.0,0.0,0.0,0.0,0.0,0.0,0.0,0.0,0.0,0.0,0.0,0.0
17.899999999999707,0.0,0.0,0.0,0.0,0.0,0.0,0.0,0.0,0.0,0.0,0.0,0.0
17.919999999999707,0.0,0.0,0.0,0.0,0.0,0.0,0.0,0.0,0.0,0.0,0.0,0.0
17.939999999999706,0.0,0.0,0.0,0.0,0.0,0.0,0.0,0.0,0.0,0.0,0.0,0.0
17.959999999999706,0.0,0.0,0.0,0.0,0.0,0.0,0.0,0.0,0.0,0.0,0.0,0.0
17.979999999999706,0.0,0.0,0.0,0.0,0.0,0.0,0.0,0.0,0.0,0.0,0.0,0.0
17.999999999999705,0.0,0.0,0.0,0.0,0.0,0.0,0.0,0.0,0.0,0.0,0.0,0.0
18.019999999999705,0.0,0.0,0.0,0.0,0.0,0.0,0.0,0.0,0.0,0.0,0.0,0.0
18.039999999999704,0.0,0.0,0.0,0.0,0.0,0.0,0.0,0.0,0.0,0.0,0.0,0.0
18.059999999999704,0.0,0.0,0.0,0.0,0.0,0.0,0.0,0.0,0.0,0.0,0.0,0.0
18.079999999999703,0.0,0.0,0.0,0.0,0.0,0.0,0.0,0.0,0.0,0.0,0.0,0.0
18.099999999999703,0.0,0.0,0.0,0.0,0.0,0.0,0.0,0.0,0.0,0.0,0.0,0.0
18.119999999999703,0.0,0.0,0.0,0.0,0.0,0.0,0.0,0.0,0.0,0.0,0.0,0.0
18.139999999999702,0.0,0.0,0.0,0.0,0.0,0.0,0.0,0.0,0.0,0.0,0.0,0.0
18.1599999999997,0.0,0.0,0.0,0.0,0.0,0.0,0.0,0.0,0.0,0.0,0.0,0.0
18.1799999999997,0.0,0.0,0.0,0.0,0.0,0.0,0.0,0.0,0.0,0.0,0.0,0.0
18.1999999999997,0.0,0.0,0.0,0.0,0.0,0.0,0.0,0.0,0.0,0.0,0.0,0.0
18.2199999999997,0.0,0.0,0.0,0.0,0.0,0.0,0.0,0.0,0.0,0.0,0.0,0.0
18.2399999999997,0.0,0.0,0.0,0.0,0.0,0.0,0.0,0.0,0.0,0.0,0.0,0.0
18.2599999999997,0.0,0.0,0.0,0.0,0.0,0.0,0.0,0.0,0.0,0.0,0.0,0.0
18.2799999999997,0.0,0.0,0.0,0.0,0.0,0.0,0.0,0.0,0.0,0.0,0.0,0.0
18.2999999999997,0.0,0.0,0.0,0.0,0.0,0.0,0.0,0.0,0.0,0.0,0.0,0.0
18.3199999999997,0.0,0.0,0.0,0.0,0.0,0.0,0.0,0.0,0.0,0.0,0.0,0.0
18.339999999999698,0.0,0.0,0.0,0.0,0.0,0.0,0.0,0.0,0.0,0.0,0.0,0.0
18.359999999999697,0.0,0.0,0.0,0.0,0.0,0.0,0.0,0.0,0.0,0.0,0.0,0.0
18.379999999999697,0.0,0.0,0.0,0.0,0.0,0.0,0.0,0.0,0.0,0.0,0.0,0.0
18.399999999999697,0.0,0.0,0.0,0.0,0.0,0.0,0.0,0.0,0.0,0.0,0.0,0.0
18.419999999999696,0.0,0.0,0.0,0.0,0.0,0.0,0.0,0.0,0.0,0.0,0.0,0.0
18.439999999999696,0.0,0.0,0.0,0.0,0.0,0.0,0.0,0.0,0.0,0.0,0.0,0.0
18.459999999999695,0.0,0.0,0.0,0.0,0.0,0.0,0.0,0.0,0.0,0.0,0.0,0.0
18.479999999999695,0.0,0.0,0.0,0.0,0.0,0.0,0.0,0.0,0.0,0.0,0.0,0.0
18.499999999999694,0.0,0.0,0.0,0.0,0.0,0.0,0.0,0.0,0.0,0.0,0.0,0.0
18.519999999999694,0.0,0.0,0.0,0.0,0.0,0.0,0.0,0.0,0.0,0.0,0.0,0.0
18.539999999999694,0.0,0.0,0.0,0.0,0.0,0.0,0.0,0.0,0.0,0.0,0.0,0.0
18.559999999999693,0.0,0.0,0.0,0.0,0.0,0.0,0.0,0.0,0.0,0.0,0.0,0.0
18.579999999999693,0.0,0.0,0.0,0.0,0.0,0.0,0.0,0.0,0.0,0.0,0.0,0.0
18.599999999999692,0.0,0.0,0.0,0.0,0.0,0.0,0.0,0.0,0.0,0.0,0.0,0.0
18.619999999999692,0.0,0.0,0.0,0.0,0.0,0.0,0.0,0.0,0.0,0.0,0.0,0.0
18.63999999999969,0.0,0.0,0.0,0.0,0.0,0.0,0.0,0.0,0.0,0.0,0.0,0.0
18.65999999999969,0.0,0.0,0.0,0.0,0.0,0.0,0.0,0.0,0.0,0.0,0.0,0.0
18.67999999999969,0.0,0.0,0.0,0.0,0.0,0.0,0.0,0.0,0.0,0.0,0.0,0.0
18.69999999999969,0.0,0.0,0.0,0.0,0.0,0.0,0.0,0.0,0.0,0.0,0.0,0.0
18.71999999999969,0.0,0.0,0.0,0.0,0.0,0.0,0.0,0.0,0.0,0.0,0.0,0.0
18.73999999999969,0.0,0.0,0.0,0.0,0.0,0.0,0.0,0.0,0.0,0.0,0.0,0.0
18.75999999999969,0.0,0.0,0.0,0.0,0.0,0.0,0.0,0.0,0.0,0.0,0.0,0.0
18.77999999999969,0.0,0.0,0.0,0.0,0.0,0.0,0.0,0.0,0.0,0.0,0.0,0.0
18.799999999999688,0.0,0.0,0.0,0.0,0.0,0.0,0.0,0.0,0.0,0.0,0.0,0.0
18.819999999999688,0.0,0.0,0.0,0.0,0.0,0.0,0.0,0.0,0.0,0.0,0.0,0.0
18.839999999999687,0.0,0.0,0.0,0.0,0.0,0.0,0.0,0.0,0.0,0.0,0.0,0.0
18.859999999999687,0.0,0.0,0.0,0.0,0.0,0.0,0.0,0.0,0.0,0.0,0.0,0.0
18.879999999999686,0.0,0.0,0.0,0.0,0.0,0.0,0.0,0.0,0.0,0.0,0.0,0.0
18.899999999999686,0.0,0.0,0.0,0.0,0.0,0.0,0.0,0.0,0.0,0.0,0.0,0.0
18.919999999999686,0.0,0.0,0.0,0.0,0.0,0.0,0.0,0.0,0.0,0.0,0.0,0.0
18.939999999999685,0.0,0.0,0.0,0.0,0.0,0.0,0.0,0.0,0.0,0.0,0.0,0.0
18.959999999999685,0.0,0.0,0.0,0.0,0.0,0.0,0.0,0.0,0.0,0.0,0.0,0.0
18.979999999999684,0.0,0.0,0.0,0.0,0.0,0.0,0.0,0.0,0.0,0.0,0.0,0.0
18.999999999999684,0.0,0.0,0.0,0.0,0.0,0.0,0.0,0.0,0.0,0.0,0.0,0.0
19.019999999999683,0.0,0.0,0.0,0.0,0.0,0.0,0.0,0.0,0.0,0.0,0.0,0.0
19.039999999999683,0.0,0.0,0.0,0.0,0.0,0.0,0.0,0.0,0.0,0.0,0.0,0.0
19.059999999999683,0.0,0.0,0.0,0.0,0.0,0.0,0.0,0.0,0.0,0.0,0.0,0.0
19.079999999999682,0.0,0.0,0.0,0.0,0.0,0.0,0.0,0.0,0.0,0.0,0.0,0.0
19.09999999999968,0.0,0.0,0.0,0.0,0.0,0.0,0.0,0.0,0.0,0.0,0.0,0.0
19.11999999999968,0.0,0.0,0.0,0.0,0.0,0.0,0.0,0.0,0.0,0.0,0.0,0.0
19.13999999999968,0.0,0.0,0.0,0.0,0.0,0.0,0.0,0.0,0.0,0.0,0.0,0.0
19.15999999999968,0.0,0.0,0.0,0.0,0.0,0.0,0.0,0.0,0.0,0.0,0.0,0.0
19.17999999999968,0.0,0.0,0.0,0.0,0.0,0.0,0.0,0.0,0.0,0.0,0.0,0.0
19.19999999999968,0.0,0.0,0.0,0.0,0.0,0.0,0.0,0.0,0.0,0.0,0.0,0.0
19.21999999999968,0.0,0.0,0.0,0.0,0.0,0.0,0.0,0.0,0.0,0.0,0.0,0.0
19.23999999999968,0.0,0.0,0.0,0.0,0.0,0.0,0.0,0.0,0.0,0.0,0.0,0.0
19.25999999999968,0.0,0.0,0.0,0.0,0.0,0.0,0.0,0.0,0.0,0.0,0.0,0.0
19.279999999999678,0.0,0.0,0.0,0.0,0.0,0.0,0.0,0.0,0.0,0.0,0.0,0.0
19.299999999999677,0.0,0.0,0.0,0.0,0.0,0.0,0.0,0.0,0.0,0.0,0.0,0.0
19.319999999999677,0.0,0.0,0.0,0.0,0.0,0.0,0.0,0.0,0.0,0.0,0.0,0.0
19.339999999999677,0.0,0.0,0.0,0.0,0.0,0.0,0.0,0.0,0.0,0.0,0.0,0.0
19.359999999999676,0.0,0.0,0.0,0.0,0.0,0.0,0.0,0.0,0.0,0.0,0.0,0.0
19.379999999999676,0.0,0.0,0.0,0.0,0.0,0.0,0.0,0.0,0.0,0.0,0.0,0.0
19.399999999999675,0.0,0.0,0.0,0.0,0.0,0.0,0.0,0.0,0.0,0.0,0.0,0.0
19.419999999999675,0.0,0.0,0.0,0.0,0.0,0.0,0.0,0.0,0.0,0.0,0.0,0.0
19.439999999999674,0.0,0.0,0.0,0.0,0.0,0.0,0.0,0.0,0.0,0.0,0.0,0.0
19.459999999999674,0.0,0.0,0.0,0.0,0.0,0.0,0.0,0.0,0.0,0.0,0.0,0.0
19.479999999999674,0.0,0.0,0.0,0.0,0.0,0.0,0.0,0.0,0.0,0.0,0.0,0.0
19.499999999999673,0.0,0.0,0.0,0.0,0.0,0.0,0.0,0.0,0.0,0.0,0.0,0.0
19.519999999999673,0.0,0.0,0.0,0.0,0.0,0.0,0.0,0.0,0.0,0.0,0.0,0.0
19.539999999999672,0.0,0.0,0.0,0.0,0.0,0.0,0.0,0.0,0.0,0.0,0.0,0.0
19.559999999999672,0.0,0.0,0.0,0.0,0.0,0.0,0.0,0.0,0.0,0.0,0.0,0.0
19.57999999999967,0.0,0.0,0.0,0.0,0.0,0.0,0.0,0.0,0.0,0.0,0.0,0.0
19.59999999999967,0.0,0.0,0.0,0.0,0.0,0.0,0.0,0.0,0.0,0.0,0.0,0.0
19.61999999999967,0.0,0.0,0.0,0.0,0.0,0.0,0.0,0.0,0.0,0.0,0.0,0.0
19.63999999999967,0.0,0.0,0.0,0.0,0.0,0.0,0.0,0.0,0.0,0.0,0.0,0.0
19.65999999999967,0.0,0.0,0.0,0.0,0.0,0.0,0.0,0.0,0.0,0.0,0.0,0.0
19.67999999999967,0.0,0.0,0.0,0.0,0.0,0.0,0.0,0.0,0.0,0.0,0.0,0.0
19.69999999999967,0.0,0.0,0.0,0.0,0.0,0.0,0.0,0.0,0.0,0.0,0.0,0.0
19.71999999999967,0.0,0.0,0.0,0.0,0.0,0.0,0.0,0.0,0.0,0.0,0.0,0.0
19.739999999999668,0.0,0.0,0.0,0.0,0.0,0.0,0.0,0.0,0.0,0.0,0.0,0.0
19.759999999999668,0.0,0.0,0.0,0.0,0.0,0.0,0.0,0.0,0.0,0.0,0.0,0.0
19.779999999999667,0.0,0.0,0.0,0.0,0.0,0.0,0.0,0.0,0.0,0.0,0.0,0.0
19.799999999999667,0.0,0.0,0.0,0.0,0.0,0.0,0.0,0.0,0.0,0.0,0.0,0.0
19.819999999999666,0.0,0.0,0.0,0.0,0.0,0.0,0.0,0.0,0.0,0.0,0.0,0.0
19.839999999999666,0.0,0.0,0.0,0.0,0.0,0.0,0.0,0.0,0.0,0.0,0.0,0.0
19.859999999999665,0.0,0.0,0.0,0.0,0.0,0.0,0.0,0.0,0.0,0.0,0.0,0.0
19.879999999999665,0.0,0.0,0.0,0.0,0.0,0.0,0.0,0.0,0.0,0.0,0.0,0.0
19.899999999999665,0.0,0.0,0.0,0.0,0.0,0.0,0.0,0.0,0.0,0.0,0.0,0.0
19.919999999999664,0.0,0.0,0.0,0.0,0.0,0.0,0.0,0.0,0.0,0.0,0.0,0.0
19.939999999999664,0.0,0.0,0.0,0.0,0.0,0.0,0.0,0.0,0.0,0.0,0.0,0.0
19.959999999999663,0.0,0.0,0.0,0.0,0.0,0.0,0.0,0.0,0.0,0.0,0.0,0.0
19.979999999999663,0.0,0.0,0.0,0.0,0.0,0.0,0.0,0.0,0.0,0.0,0.0,0.0
19.999999999999662,0.0,0.0,0.0,0.0,0.0,0.0,0.0,0.0,0.0,0.0,0.0,0.0
20.019999999999662,0.0,0.0,0.0,0.0,0.0,0.0,0.0,0.0,0.0,0.0,0.0,0.0
20.03999999999966,0.0,0.0,0.0,0.0,0.0,0.0,0.0,0.0,0.0,0.0,0.0,0.0
20.05999999999966,0.0,0.0,0.0,0.0,0.0,0.0,0.0,0.0,0.0,0.0,0.0,0.0
20.07999999999966,0.0,0.0,0.0,0.0,0.0,0.0,0.0,0.0,0.0,0.0,0.0,0.0
20.09999999999966,0.0,0.0,0.0,0.0,0.0,0.0,0.0,0.0,0.0,0.0,0.0,0.0
20.11999999999966,0.0,0.0,0.0,0.0,0.0,0.0,0.0,0.0,0.0,0.0,0.0,0.0
20.13999999999966,0.0,0.0,0.0,0.0,0.0,0.0,0.0,0.0,0.0,0.0,0.0,0.0
20.15999999999966,0.0,0.0,0.0,0.0,0.0,0.0,0.0,0.0,0.0,0.0,0.0,0.0
20.17999999999966,0.0,0.0,0.0,0.0,0.0,0.0,0.0,0.0,0.0,0.0,0.0,0.0
20.19999999999966,0.0,0.0,0.0,0.0,0.0,0.0,0.0,0.0,0.0,0.0,0.0,0.0
20.219999999999658,0.0,0.0,0.0,0.0,0.0,0.0,0.0,0.0,0.0,0.0,0.0,0.0
20.239999999999657,0.0,0.0,0.0,0.0,0.0,0.0,0.0,0.0,0.0,0.0,0.0,0.0
20.259999999999657,0.0,0.0,0.0,0.0,0.0,0.0,0.0,0.0,0.0,0.0,0.0,0.0
20.279999999999657,0.0,0.0,0.0,0.0,0.0,0.0,0.0,0.0,0.0,0.0,0.0,0.0
20.299999999999656,0.0,0.0,0.0,0.0,0.0,0.0,0.0,0.0,0.0,0.0,0.0,0.0
20.319999999999656,0.0,0.0,0.0,0.0,0.0,0.0,0.0,0.0,0.0,0.0,0.0,0.0
20.339999999999655,0.0,0.0,0.0,0.0,0.0,0.0,0.0,0.0,0.0,0.0,0.0,0.0
20.359999999999655,0.0,0.0,0.0,0.0,0.0,0.0,0.0,0.0,0.0,0.0,0.0,0.0
20.379999999999654,0.0,0.0,0.0,0.0,0.0,0.0,0.0,0.0,0.0,0.0,0.0,0.0
20.399999999999654,0.0,0.0,0.0,0.0,0.0,0.0,0.0,0.0,0.0,0.0,0.0,0.0
20.419999999999654,0.0,0.0,0.0,0.0,0.0,0.0,0.0,0.0,0.0,0.0,0.0,0.0
20.439999999999653,0.0,0.0,0.0,0.0,0.0,0.0,0.0,0.0,0.0,0.0,0.0,0.0
20.459999999999653,0.0,0.0,0.0,0.0,0.0,0.0,0.0,0.0,0.0,0.0,0.0,0.0
20.479999999999652,0.0,0.0,0.0,0.0,0.0,0.0,0.0,0.0,0.0,0.0,0.0,0.0
20.499999999999652,0.0,0.0,0.0,0.0,0.0,0.0,0.0,0.0,0.0,0.0,0.0,0.0
20.51999999999965,0.0,0.0,0.0,0.0,0.0,0.0,0.0,0.0,0.0,0.0,0.0,0.0
20.53999999999965,0.0,0.0,0.0,0.0,0.0,0.0,0.0,0.0,0.0,0.0,0.0,0.0
20.55999999999965,0.0,0.0,0.0,0.0,0.0,0.0,0.0,0.0,0.0,0.0,0.0,0.0
20.57999999999965,0.0,0.0,0.0,0.0,0.0,0.0,0.0,0.0,0.0,0.0,0.0,0.0
20.59999999999965,0.0,0.0,0.0,0.0,0.0,0.0,0.0,0.0,0.0,0.0,0.0,0.0
20.61999999999965,0.0,0.0,0.0,0.0,0.0,0.0,0.0,0.0,0.0,0.0,0.0,0.0
20.63999999999965,0.0,0.0,0.0,0.0,0.0,0.0,0.0,0.0,0.0,0.0,0.0,0.0
20.65999999999965,0.0,0.0,0.0,0.0,0.0,0.0,0.0,0.0,0.0,0.0,0.0,0.0
20.679999999999648,0.0,0.0,0.0,0.0,0.0,0.0,0.0,0.0,0.0,0.0,0.0,0.0
20.699999999999648,0.0,0.0,0.0,0.0,0.0,0.0,0.0,0.0,0.0,0.0,0.0,0.0
20.719999999999647,0.0,0.0,0.0,0.0,0.0,0.0,0.0,0.0,0.0,0.0,0.0,0.0
20.739999999999647,0.0,0.0,0.0,0.0,0.0,0.0,0.0,0.0,0.0,0.0,0.0,0.0
20.759999999999646,0.0,0.0,0.0,0.0,0.0,0.0,0.0,0.0,0.0,0.0,0.0,0.0
20.779999999999646,0.0,0.0,0.0,0.0,0.0,0.0,0.0,0.0,0.0,0.0,0.0,0.0
20.799999999999645,0.0,0.0,0.0,0.0,0.0,0.0,0.0,0.0,0.0,0.0,0.0,0.0
20.819999999999645,0.0,0.0,0.0,0.0,0.0,0.0,0.0,0.0,0.0,0.0,0.0,0.0
20.839999999999645,0.0,0.0,0.0,0.0,0.0,0.0,0.0,0.0,0.0,0.0,0.0,0.0
20.859999999999644,0.0,0.0,0.0,0.0,0.0,0.0,0.0,0.0,0.0,0.0,0.0,0.0
20.879999999999644,0.0,0.0,0.0,0.0,0.0,0.0,0.0,0.0,0.0,0.0,0.0,0.0
20.899999999999643,0.0,0.0,0.0,0.0,0.0,0.0,0.0,0.0,0.0,0.0,0.0,0.0
20.919999999999643,0.0,0.0,0.0,0.0,0.0,0.0,0.0,0.0,0.0,0.0,0.0,0.0
20.939999999999642,0.0,0.0,0.0,0.0,0.0,0.0,0.0,0.0,0.0,0.0,0.0,0.0
20.959999999999642,0.0,0.0,0.0,0.0,0.0,0.0,0.0,0.0,0.0,0.0,0.0,0.0
20.97999999999964,0.0,0.0,0.0,0.0,0.0,0.0,0.0,0.0,0.0,0.0,0.0,0.0
20.99999999999964,0.0,0.0,0.0,0.0,0.0,0.0,0.0,0.0,0.0,0.0,0.0,0.0
21.01999999999964,0.0,0.0,0.0,0.0,0.0,0.0,0.0,0.0,0.0,0.0,0.0,0.0
21.03999999999964,0.0,0.0,0.0,0.0,0.0,0.0,0.0,0.0,0.0,0.0,0.0,0.0
21.05999999999964,0.0,0.0,0.0,0.0,0.0,0.0,0.0,0.0,0.0,0.0,0.0,0.0
21.07999999999964,0.0,0.0,0.0,0.0,0.0,0.0,0.0,0.0,0.0,0.0,0.0,0.0
21.09999999999964,0.0,0.0,0.0,0.0,0.0,0.0,0.0,0.0,0.0,0.0,0.0,0.0
21.11999999999964,0.0,0.0,0.0,0.0,0.0,0.0,0.0,0.0,0.0,0.0,0.0,0.0
21.139999999999638,0.0,0.0,0.0,0.0,0.0,0.0,0.0,0.0,0.0,0.0,0.0,0.0
21.159999999999638,0.0,0.0,0.0,0.0,0.0,0.0,0.0,0.0,0.0,0.0,0.0,0.0
21.179999999999637,0.0,0.0,0.0,0.0,0.0,0.0,0.0,0.0,0.0,0.0,0.0,0.0
21.199999999999637,0.0,0.0,0.0,0.0,0.0,0.0,0.0,0.0,0.0,0.0,0.0,0.0
21.219999999999636,0.0,0.0,0.0,0.0,0.0,0.0,0.0,0.0,0.0,0.0,0.0,0.0
21.239999999999636,0.0,0.0,0.0,0.0,0.0,0.0,0.0,0.0,0.0,0.0,0.0,0.0
21.259999999999636,0.0,0.0,0.0,0.0,0.0,0.0,0.0,0.0,0.0,0.0,0.0,0.0
21.279999999999635,0.0,0.0,0.0,0.0,0.0,0.0,0.0,0.0,0.0,0.0,0.0,0.0
21.299999999999635,0.0,0.0,0.0,0.0,0.0,0.0,0.0,0.0,0.0,0.0,0.0,0.0
21.319999999999634,0.0,0.0,0.0,0.0,0.0,0.0,0.0,0.0,0.0,0.0,0.0,0.0
21.339999999999634,0.0,0.0,0.0,0.0,0.0,0.0,0.0,0.0,0.0,0.0,0.0,0.0
21.359999999999634,0.0,0.0,0.0,0.0,0.0,0.0,0.0,0.0,0.0,0.0,0.0,0.0
21.379999999999633,0.0,0.0,0.0,0.0,0.0,0.0,0.0,0.0,0.0,0.0,0.0,0.0
21.399999999999633,0.0,0.0,0.0,0.0,0.0,0.0,0.0,0.0,0.0,0.0,0.0,0.0
21.419999999999632,0.0,0.0,0.0,0.0,0.0,0.0,0.0,0.0,0.0,0.0,0.0,0.0
21.439999999999632,0.0,0.0,0.0,0.0,0.0,0.0,0.0,0.0,0.0,0.0,0.0,0.0
21.45999999999963,0.0,0.0,0.0,0.0,0.0,0.0,0.0,0.0,0.0,0.0,0.0,0.0
21.47999999999963,0.0,0.0,0.0,0.0,0.0,0.0,0.0,0.0,0.0,0.0,0.0,0.0
21.49999999999963,0.0,0.0,0.0,0.0,0.0,0.0,0.0,0.0,0.0,0.0,0.0,0.0
21.51999999999963,0.0,0.0,0.0,0.0,0.0,0.0,0.0,0.0,0.0,0.0,0.0,0.0
21.53999999999963,0.0,0.0,0.0,0.0,0.0,0.0,0.0,0.0,0.0,0.0,0.0,0.0
21.55999999999963,0.0,0.0,0.0,0.0,0.0,0.0,0.0,0.0,0.0,0.0,0.0,0.0
21.57999999999963,0.0,0.0,0.0,0.0,0.0,0.0,0.0,0.0,0.0,0.0,0.0,0.0
21.59999999999963,0.0,0.0,0.0,0.0,0.0,0.0,0.0,0.0,0.0,0.0,0.0,0.0
21.619999999999628,0.0,0.0,0.0,0.0,0.0,0.0,0.0,0.0,0.0,0.0,0.0,0.0
21.639999999999628,0.0,0.0,0.0,0.0,0.0,0.0,0.0,0.0,0.0,0.0,0.0,0.0
21.659999999999627,0.0,0.0,0.0,0.0,0.0,0.0,0.0,0.0,0.0,0.0,0.0,0.0
21.679999999999627,0.0,0.0,0.0,0.0,0.0,0.0,0.0,0.0,0.0,0.0,0.0,0.0
21.699999999999626,0.0,0.0,0.0,0.0,0.0,0.0,0.0,0.0,0.0,0.0,0.0,0.0
21.719999999999626,0.0,0.0,0.0,0.0,0.0,0.0,0.0,0.0,0.0,0.0,0.0,0.0
21.739999999999625,0.0,0.0,0.0,0.0,0.0,0.0,0.0,0.0,0.0,0.0,0.0,0.0
21.759999999999625,0.0,0.0,0.0,0.0,0.0,0.0,0.0,0.0,0.0,0.0,0.0,0.0
21.779999999999625,0.0,0.0,0.0,0.0,0.0,0.0,0.0,0.0,0.0,0.0,0.0,0.0
21.799999999999624,0.0,0.0,0.0,0.0,0.0,0.0,0.0,0.0,0.0,0.0,0.0,0.0
21.819999999999624,0.0,0.0,0.0,0.0,0.0,0.0,0.0,0.0,0.0,0.0,0.0,0.0
21.839999999999623,0.0,0.0,0.0,0.0,0.0,0.0,0.0,0.0,0.0,0.0,0.0,0.0
21.859999999999623,0.0,0.0,0.0,0.0,0.0,0.0,0.0,0.0,0.0,0.0,0.0,0.0
21.879999999999622,0.0,0.0,0.0,0.0,0.0,0.0,0.0,0.0,0.0,0.0,0.0,0.0
21.899999999999622,0.0,0.0,0.0,0.0,0.0,0.0,0.0,0.0,0.0,0.0,0.0,0.0
21.91999999999962,0.0,0.0,0.0,0.0,0.0,0.0,0.0,0.0,0.0,0.0,0.0,0.0
21.93999999999962,0.0,0.0,0.0,0.0,0.0,0.0,0.0,0.0,0.0,0.0,0.0,0.0
21.95999999999962,0.0,0.0,0.0,0.0,0.0,0.0,0.0,0.0,0.0,0.0,0.0,0.0
21.97999999999962,0.0,0.0,0.0,0.0,0.0,0.0,0.0,0.0,0.0,0.0,0.0,0.0
21.99999999999962,0.0,0.0,0.0,0.0,0.0,0.0,0.0,0.0,0.0,0.0,0.0,0.0
