Tiempo,Integral,Derivada,Salida,Setpoint,RawYaw,AdjustedYaw,ServoAngle
0.004,-0.0,-0.0,0.0,-0.0,0.0,136.53,0.0
0.008,-0.0,-0.0,0.0,-0.0,0.0,136.53,0.0
0.012,-0.0,-0.0,-0.07,-0.07,0.0,136.53,0.0
0.016,-0.0,-0.0,0.0,-0.0,0.0,136.53,0.0
0.02,-0.0,-0.0,0.0,-0.0,0.0,136.53,0.0
0.024,-0.0,-0.0,0.0,-0.0,0.0,136.53,0.0
0.028,-0.0,-0.0,-0.08,-0.08,0.0,136.53,0.0
0.032,-0.0,-0.0,0.0,-0.0,0.0,136.53,0.0
0.036000000000000004,-0.0,-0.0,0.0,-0.0,0.0,136.53,0.0
0.04000000000000001,-0.0,-0.0,0.0,-0.0,0.0,136.53,0.0
0.04400000000000001,-0.0,-0.0,0.0,-0.0,0.0,136.53,0.0
0.048000000000000015,-0.0,-0.0,0.0,-0.0,0.0,136.53,0.0
0.05200000000000002,-0.0,-0.0,-0.18,-0.18,0.0,136.54,0.0
0.05600000000000002,-0.0,-0.0,0.18,0.18,0.0,136.53,0.0
0.060000000000000026,-0.0,-0.0,0.0,-0.0,0.0,136.53,0.0
0.06400000000000003,-0.0,-0.0,0.0,-0.0,0.0,136.53,0.0
0.06800000000000003,-0.0,-0.0,0.0,-0.0,0.0,136.53,0.0
0.07200000000000004,-0.0,-0.0,0.0,-0.0,0.0,136.53,0.0
0.07600000000000004,-0.0,-0.0,0.08,0.08,0.0,136.53,0.0
0.08000000000000004,-0.0,-0.0,0.0,-0.0,0.0,136.53,0.0
0.08400000000000005,-0.0,-0.0,0.0,-0.0,0.0,136.53,0.0
0.08800000000000005,-0.0,-0.0,0.0,-0.0,0.0,136.53,0.0
0.09200000000000005,-0.0,-0.0,0.0,-0.0,0.0,136.53,0.0
0.09600000000000006,-0.0,-0.0,0.0,-0.0,0.0,136.53,0.0
0.10000000000000006,-0.0,-0.0,0.0,-0.0,0.0,136.53,0.0
0.10400000000000006,-0.0,-0.0,0.07,0.07,0.0,136.53,0.0
0.10800000000000007,-0.0,-0.0,0.0,-0.0,0.0,136.53,0.0
0.11200000000000007,-0.0,-0.0,0.0,-0.0,0.0,136.53,0.0
0.11600000000000008,-0.0,-0.0,0.0,-0.0,0.0,136.53,0.0
0.12000000000000008,-0.0,-0.0,-0.07,-0.07,0.0,136.53,0.0
0.12400000000000008,-0.0,-0.0,0.0,-0.0,0.0,136.53,0.0
0.12800000000000009,-0.0,-0.0,0.0,-0.0,0.0,136.53,0.0
0.1320000000000001,-0.0,-0.0,0.0,-0.0,0.0,136.53,0.0
0.1360000000000001,-0.0,-0.0,0.07,0.07,0.0,136.53,0.0
0.1400000000000001,-0.0,-0.0,0.0,-0.0,0.0,136.53,0.0
0.1440000000000001,-0.0,-0.0,0.0,-0.0,0.0,136.53,0.0
0.1480000000000001,-0.0,-0.0,0.0,-0.0,0.0,136.53,0.0
0.1520000000000001,-0.0,-0.0,0.0,-0.0,0.0,136.53,0.0
0.1560000000000001,-0.0,-0.0,0.0,-0.0,0.0,136.53,0.0
0.16000000000000011,-0.0,-0.0,0.0,-0.0,0.0,136.53,0.0
0.16400000000000012,-0.0,-0.0,0.0,-0.0,0.0,136.53,0.0
0.16800000000000012,-0.0,-0.0,0.0,-0.0,0.0,136.53,0.0
0.17200000000000013,-0.0,-0.0,-0.07,-0.07,0.0,136.53,0.0
0.17600000000000013,-0.0,-0.0,0.0,-0.0,0.0,136.53,0.0
0.18000000000000013,-0.0,-0.0,0.0,-0.0,0.0,136.53,0.0
0.18400000000000014,-0.0,-0.0,0.0,-0.0,0.0,136.53,0.0
0.18800000000000014,-0.0,-0.0,-0.08,-0.08,0.0,136.53,0.0
0.19200000000000014,-0.0,-0.0,0.0,-0.0,0.0,136.53,0.0
0.19600000000000015,-0.0,-0.0,0.0,-0.0,0.0,136.53,0.0
0.20000000000000015,-0.0,-0.0,0.0,-0.0,0.0,136.53,0.0
0.20400000000000015,-0.0,-0.0,0.0,-0.0,0.0,136.53,0.0
0.20800000000000016,-0.0,-0.0,-0.1,-0.1,0.0,136.54,0.0
0.21200000000000016,-0.0,-0.0,-0.08,-0.08,0.0,136.54,0.0
0.21600000000000016,-0.0,-0.0,0.0,-0.0,0.0,136.54,0.0
0.22000000000000017,-0.0,-0.0,0.0,-0.0,0.0,136.54,0.0
0.22400000000000017,-0.0,-0.0,0.0,-0.0,0.0,136.54,0.0
0.22800000000000017,-0.0,-0.0,0.0,-0.0,0.0,136.54,0.0
0.23200000000000018,-0.0,-0.0,0.0,-0.0,0.0,136.54,0.0
0.23600000000000018,-0.0,-0.0,-0.08,-0.08,0.0,136.54,0.0
0.24000000000000019,-0.0,-0.0,0.0,-0.0,0.0,136.54,0.0
0.2440000000000002,-0.0,-0.0,0.0,-0.0,0.0,136.54,0.0
0.2480000000000002,-0.0,-0.0,0.0,-0.0,0.0,136.54,0.0
0.25200000000000017,-0.0,-0.0,-0.08,-0.08,0.0,136.54,0.0
0.25600000000000017,-0.0,-0.0,0.0,-0.0,0.0,136.54,0.0
0.2600000000000002,-0.0,-0.0,0.0,-0.0,0.0,136.54,0.0
0.2640000000000002,-0.0,-0.0,0.0,-0.0,0.0,136.54,0.0
0.2680000000000002,-0.0,-0.0,0.0,-0.0,0.0,136.54,0.0
0.2720000000000002,-0.0,-0.0,0.56,0.56,0.0,136.53,0.0
0.2760000000000002,-0.0,-0.0,-0.24,-0.24,0.0,136.53,0.0
0.2800000000000002,-0.0,-0.0,0.17,0.17,0.0,136.53,0.0
0.2840000000000002,0.01,-0.0,3.77,3.78,0.0,136.52,-0.01
0.2880000000000002,0.02,-0.0,1.93,1.94,0.0,136.52,-0.02
0.2920000000000002,0.02,-0.0,0.21,0.23,0.0,136.52,-0.02
0.2960000000000002,0.03,-0.0,4.94,4.97,0.0,136.5,-0.03
0.3000000000000002,0.04,-0.0,1.5,1.53,0.0,136.5,-0.04
0.3040000000000002,0.03,-0.0,-1.15,-1.12,0.0,136.5,-0.03
0.3080000000000002,0.03,-0.0,-0.11,-0.07,0.0,136.5,-0.03
0.3120000000000002,0.02,-0.0,-3.85,-3.83,0.0,136.51,-0.02
0.3160000000000002,-0.0,-0.0,-7.61,-7.62,0.0,136.54,0.0
0.32000000000000023,-0.1,-0.0,-31.52,-31.62,0.0,136.63,0.1
0.32400000000000023,-0.41,-0.0,-103.16,-103.57,0.0,136.94,0.41
0.32800000000000024,-0.92,-0.0,-171.53,-172.45,0.0,137.45,0.92
0.33200000000000024,-1.62,-0.01,-234.76,-236.39,0.0,138.16,1.62
0.33600000000000024,-2.31,-0.02,-226.82,-229.14,0.0,138.84,2.31
0.34000000000000025,-2.85,-0.02,-180.33,-183.2,0.0,139.38,2.85
0.34400000000000025,-2.92,-0.03,-23.83,-26.79,0.0,139.45,2.92
0.34800000000000025,-2.74,-0.04,58.99,56.21,0.0,139.27,2.74
0.35200000000000026,-2.64,-0.05,32.06,29.36,0.0,139.18,2.64
0.35600000000000026,-2.64,-0.06,1.35,-1.35,0.0,139.17,2.64
0.36000000000000026,-2.65,-0.07,-3.93,-6.65,0.0,139.19,2.65
0.36400000000000027,-2.66,-0.07,-2.98,-5.72,0.0,139.19,2.66
0.36800000000000027,-2.59,-0.08,24.94,22.27,0.0,139.12,2.59
0.3720000000000003,-2.3,-0.09,96.3,93.91,0.0,138.83,2.3
0.3760000000000003,-1.63,-0.09,222.52,220.8,0.0,138.16,1.63
0.3800000000000003,-0.64,-0.1,328.87,328.13,0.0,137.18,0.64
0.3840000000000003,0.59,-0.09,412.56,413.06,0.0,135.94,-0.59
0.3880000000000003,1.48,-0.09,296.07,297.46,0.0,135.05,-1.48
0.3920000000000003,1.83,-0.08,114.75,116.49,0.0,134.71,-1.83
0.3960000000000003,1.84,-0.08,3.72,5.48,0.0,134.7,-1.84
0.4000000000000003,1.84,-0.07,0.14,1.91,0.0,134.7,-1.84
0.4040000000000003,1.84,-0.07,-0.2,1.57,0.0,134.7,-1.84
0.4080000000000003,1.83,-0.06,-2.45,-0.68,0.0,134.7,-1.83
0.4120000000000003,1.82,-0.06,-1.95,-0.18,0.0,134.71,-1.82
0.4160000000000003,1.82,-0.05,-0.31,1.47,0.0,134.71,-1.82
0.4200000000000003,1.82,-0.04,-0.18,1.59,0.0,134.71,-1.82
0.4240000000000003,1.82,-0.04,-1.96,-0.19,0.0,134.72,-1.82
0.4280000000000003,1.82,-0.03,-0.05,1.74,0.0,134.72,-1.82
0.43200000000000033,1.82,-0.03,1.48,3.27,0.0,134.71,-1.82
0.43600000000000033,1.82,-0.02,-1.67,0.12,0.0,134.72,-1.82
0.44000000000000034,1.82,-0.02,1.38,3.19,0.0,134.71,-1.82
0.44400000000000034,1.82,-0.01,-1.38,0.42,0.0,134.72,-1.82
0.44800000000000034,1.82,-0.01,0.35,2.16,0.0,134.72,-1.82
0.45200000000000035,1.82,-0.0,-0.26,1.55,0.0,134.72,-1.82
0.45600000000000035,1.82,0.0,1.11,2.93,0.0,134.71,-1.82
0.46000000000000035,1.83,0.01,1.99,3.83,0.0,134.71,-1.83
0.46400000000000036,1.83,0.02,0.13,1.97,0.0,134.71,-1.83
0.46800000000000036,1.82,0.02,-3.04,-1.2,0.0,134.72,-1.82
0.47200000000000036,1.82,0.03,0.21,2.06,0.0,134.72,-1.82
0.47600000000000037,1.82,0.03,-0.06,1.79,0.0,134.72,-1.82
0.48000000000000037,1.82,0.04,0.18,2.03,0.0,134.72,-1.82
0.4840000000000004,1.82,0.04,-0.13,1.73,0.0,134.72,-1.82
0.4880000000000004,1.82,0.05,0.18,2.04,0.0,134.72,-1.82
0.4920000000000004,1.83,0.05,3.03,4.91,0.0,134.71,-1.83
0.4960000000000004,1.83,0.06,0.15,2.04,0.0,134.71,-1.83
0.5000000000000003,1.82,0.06,-0.94,0.95,0.0,134.71,-1.82
0.5040000000000003,1.83,0.07,0.98,2.88,0.0,134.71,-1.83
0.5080000000000003,1.83,0.08,-0.14,1.77,0.0,134.71,-1.83
0.5120000000000003,1.83,0.08,0.0,1.91,0.0,134.71,-1.83
0.5160000000000003,1.83,0.09,-0.03,1.88,0.0,134.71,-1.83
0.5200000000000004,1.82,0.09,-0.83,1.09,0.0,134.71,-1.82
0.5240000000000004,1.82,0.1,0.0,1.92,0.0,134.71,-1.82
0.5280000000000004,1.83,0.1,0.97,2.9,0.0,134.71,-1.83
0.5320000000000004,1.83,0.11,-0.94,1.0,0.0,134.71,-1.83
0.5360000000000004,1.83,0.11,0.91,2.85,0.0,134.71,-1.83
0.5400000000000004,1.83,0.12,0.18,2.13,0.0,134.71,-1.83
0.5440000000000004,1.83,0.12,0.0,1.95,0.0,134.71,-1.83
0.5480000000000004,1.83,0.13,0.0,1.96,0.0,134.71,-1.83
0.5520000000000004,1.83,0.14,2.16,4.13,0.0,134.7,-1.83
0.5560000000000004,1.83,0.14,0.0,1.98,0.0,134.7,-1.83
0.5600000000000004,1.83,0.15,-1.98,-0.0,0.0,134.7,-1.83
0.5640000000000004,1.83,0.15,0.0,1.98,0.0,134.7,-1.83
0.5680000000000004,1.83,0.16,0.07,2.06,0.0,134.7,-1.83
0.5720000000000004,1.83,0.16,0.0,1.99,0.0,134.7,-1.83
0.5760000000000004,1.83,0.17,0.18,2.18,0.0,134.7,-1.83
0.5800000000000004,1.83,0.17,-0.11,1.9,0.0,134.7,-1.83
0.5840000000000004,1.83,0.18,-0.9,1.11,0.0,134.71,-1.83
0.5880000000000004,1.82,0.18,-2.23,-0.23,0.0,134.71,-1.82
0.5920000000000004,1.82,0.19,0.0,2.01,0.0,134.71,-1.82
0.5960000000000004,1.82,0.2,-0.07,1.94,0.0,134.71,-1.82
0.6000000000000004,1.82,0.2,-0.03,1.99,0.0,134.71,-1.82
0.6040000000000004,1.82,0.21,0.0,2.03,0.0,134.71,-1.82
0.6080000000000004,1.82,0.21,0.0,2.03,0.0,134.71,-1.82
0.6120000000000004,1.82,0.22,0.0,2.04,0.0,134.71,-1.82
0.6160000000000004,1.82,0.22,0.0,2.04,0.0,134.71,-1.82
0.6200000000000004,1.82,0.23,-0.04,2.01,0.0,134.71,-1.82
0.6240000000000004,1.82,0.23,0.07,2.12,0.0,134.71,-1.82
0.6280000000000004,1.82,0.24,0.07,2.13,0.0,134.71,-1.82
0.6320000000000005,1.82,0.25,0.0,2.06,0.0,134.71,-1.82
0.6360000000000005,1.81,0.25,-2.16,-0.09,0.0,134.72,-1.81
0.6400000000000005,1.81,0.26,0.0,2.07,0.0,134.72,-1.81
0.6440000000000005,1.81,0.26,0.0,2.07,0.0,134.72,-1.81
0.6480000000000005,1.81,0.27,0.0,2.08,0.0,134.72,-1.81
0.6520000000000005,1.81,0.27,0.0,2.09,0.0,134.72,-1.81
0.6560000000000005,1.81,0.28,0.0,2.09,0.0,134.72,-1.81
0.6600000000000005,1.81,0.28,0.0,2.1,0.0,134.72,-1.81
0.6640000000000005,1.81,0.29,0.0,2.1,0.0,134.72,-1.81
0.6680000000000005,1.81,0.29,-0.11,2.0,0.0,134.72,-1.81
0.6720000000000005,1.81,0.3,0.0,2.11,0.0,134.72,-1.81
0.6760000000000005,1.81,0.3,0.0,2.12,0.0,134.72,-1.81
0.6800000000000005,1.81,0.31,0.0,2.12,0.0,134.72,-1.81
0.6840000000000005,1.81,0.32,0.0,2.13,0.0,134.72,-1.81
0.6880000000000005,1.81,0.32,0.0,2.13,0.0,134.72,-1.81
0.6920000000000005,1.81,0.33,0.0,2.14,0.0,134.72,-1.81
0.6960000000000005,1.81,0.33,-0.1,2.04,0.0,134.72,-1.81
0.7000000000000005,1.81,0.34,0.0,2.15,0.0,134.72,-1.81
0.7040000000000005,1.81,0.34,-0.11,2.04,0.0,134.72,-1.81
0.7080000000000005,1.81,0.35,0.0,2.16,0.0,134.72,-1.81
0.7120000000000005,1.81,0.35,-0.07,2.09,0.0,134.72,-1.81
0.7160000000000005,1.81,0.36,-0.11,2.06,0.0,134.72,-1.81
0.7200000000000005,1.81,0.36,0.0,2.18,0.0,134.72,-1.81
0.7240000000000005,1.81,0.37,-0.1,2.08,0.0,134.72,-1.81
0.7280000000000005,1.81,0.38,0.0,2.19,0.0,134.72,-1.81
0.7320000000000005,1.81,0.38,0.0,2.19,0.0,134.72,-1.81
0.7360000000000005,1.81,0.39,-0.07,2.13,0.0,134.72,-1.81
0.7400000000000005,1.81,0.39,0.0,2.2,0.0,134.72,-1.81
0.7440000000000005,1.81,0.4,-0.8,1.4,0.0,134.72,-1.81
0.7480000000000006,1.81,0.4,-0.1,2.11,0.0,134.72,-1.81
0.7520000000000006,1.81,0.41,-0.07,2.15,0.0,134.73,-1.81
0.7560000000000006,1.81,0.41,0.0,2.22,0.0,134.73,-1.81
0.7600000000000006,1.81,0.42,0.07,2.3,0.0,134.72,-1.81
0.7640000000000006,1.81,0.42,-0.11,2.13,0.0,134.73,-1.81
0.7680000000000006,1.81,0.43,-0.08,2.16,0.0,134.73,-1.81
0.7720000000000006,1.81,0.44,-0.1,2.14,0.0,134.73,-1.81
0.7760000000000006,1.81,0.44,0.0,2.25,0.0,134.73,-1.81
0.7800000000000006,1.81,0.45,0.0,2.25,0.0,134.73,-1.81
0.7840000000000006,1.81,0.45,0.0,2.26,0.0,134.73,-1.81
0.7880000000000006,1.8,0.46,-2.16,0.1,0.0,134.73,-1.8
0.7920000000000006,1.8,0.46,-0.1,2.16,0.0,134.73,-1.8
0.7960000000000006,1.8,0.47,0.07,2.34,0.0,134.73,-1.8
0.8000000000000006,1.8,0.47,0.0,2.27,0.0,134.73,-1.8
0.8040000000000006,1.81,0.48,2.23,4.51,0.0,134.73,-1.81
0.8080000000000006,1.81,0.48,0.0,2.29,0.0,134.73,-1.81
0.8120000000000006,1.8,0.49,-2.08,0.21,0.0,134.73,-1.8
0.8160000000000006,1.81,0.49,2.22,4.53,0.0,134.73,-1.81
0.8200000000000006,1.81,0.5,0.0,2.31,0.0,134.73,-1.81
0.8240000000000006,1.81,0.51,0.0,2.31,0.0,134.73,-1.81
0.8280000000000006,1.81,0.51,0.08,2.4,0.0,134.72,-1.81
0.8320000000000006,1.81,0.52,0.0,2.33,0.0,134.72,-1.81
0.8360000000000006,1.81,0.52,0.0,2.33,0.0,134.72,-1.81
0.8400000000000006,1.81,0.53,-0.08,2.26,0.0,134.73,-1.81
0.8440000000000006,1.81,0.53,0.0,2.34,0.0,134.73,-1.81
0.8480000000000006,1.81,0.54,0.0,2.35,0.0,134.73,-1.81
0.8520000000000006,1.81,0.54,0.0,2.35,0.0,134.73,-1.81
0.8560000000000006,1.81,0.55,-0.07,2.29,0.0,134.73,-1.81
0.8600000000000007,1.81,0.55,0.0,2.36,0.0,134.73,-1.81
0.8640000000000007,1.81,0.56,0.0,2.37,0.0,134.73,-1.81
0.8680000000000007,1.81,0.57,0.0,2.37,0.0,134.73,-1.81
0.8720000000000007,1.81,0.57,0.0,2.38,0.0,134.73,-1.81
0.8760000000000007,1.81,0.58,-0.07,2.31,0.0,134.73,-1.81
0.8800000000000007,1.81,0.58,0.07,2.46,0.0,134.73,-1.81
0.8840000000000007,1.81,0.59,0.0,2.4,0.0,134.73,-1.81
0.8880000000000007,1.81,0.59,-0.07,2.33,0.0,134.73,-1.81
0.8920000000000007,1.81,0.6,0.0,2.41,0.0,134.73,-1.81
0.8960000000000007,1.81,0.6,0.0,2.41,0.0,134.73,-1.81
0.9000000000000007,1.81,0.61,0.0,2.42,0.0,134.73,-1.81
0.9040000000000007,1.81,0.61,0.0,2.42,0.0,134.73,-1.81
0.9080000000000007,1.81,0.62,0.0,2.43,0.0,134.73,-1.81
0.9120000000000007,1.81,0.63,0.0,2.43,0.0,134.73,-1.81
0.9160000000000007,1.81,0.63,0.0,2.44,0.0,134.73,-1.81
0.9200000000000007,1.81,0.64,0.0,2.44,0.0,134.73,-1.81
0.9240000000000007,1.81,0.64,0.07,2.52,0.0,134.73,-1.81
0.9280000000000007,1.81,0.65,0.0,2.45,0.0,134.73,-1.81
0.9320000000000007,1.81,0.65,0.11,2.57,0.0,134.73,-1.81
0.9360000000000007,1.81,0.66,0.0,2.47,0.0,134.73,-1.81
0.9400000000000007,1.81,0.66,0.0,2.47,0.0,134.73,-1.81
0.9440000000000007,1.81,0.67,-0.04,2.44,0.0,134.73,-1.81
0.9480000000000007,1.81,0.67,0.0,2.48,0.0,134.73,-1.81
0.9520000000000007,1.81,0.68,0.0,2.49,0.0,134.73,-1.81
0.9560000000000007,1.81,0.68,-0.1,2.39,0.0,134.73,-1.81
0.9600000000000007,1.81,0.69,0.0,2.5,0.0,134.73,-1.81
0.9640000000000007,1.81,0.7,0.0,2.5,0.0,134.73,-1.81
0.9680000000000007,1.81,0.7,-0.11,2.4,0.0,134.73,-1.81
0.9720000000000008,1.81,0.71,0.07,2.59,0.0,134.73,-1.81
0.9760000000000008,1.81,0.71,0.0,2.52,0.0,134.73,-1.81
0.9800000000000008,1.81,0.72,0.0,2.53,0.0,134.73,-1.81
0.9840000000000008,1.81,0.72,-0.11,2.42,0.0,134.73,-1.81
0.9880000000000008,1.81,0.73,0.0,2.54,0.0,134.73,-1.81
0.9920000000000008,1.81,0.73,0.08,2.62,0.0,134.73,-1.81
0.9960000000000008,1.81,0.74,0.0,2.55,0.0,134.73,-1.81
1.0000000000000007,1.81,0.74,0.0,2.55,0.0,134.73,-1.81
1.0040000000000007,1.81,0.75,-0.1,2.46,0.0,134.73,-1.81
1.0080000000000007,1.81,0.76,0.1,2.66,0.0,134.73,-1.81
1.0120000000000007,1.81,0.76,0.0,2.57,0.0,134.73,-1.81
1.0160000000000007,1.81,0.77,0.0,2.57,0.0,134.73,-1.81
1.0200000000000007,1.81,0.77,0.0,2.58,0.0,134.73,-1.81
1.0240000000000007,1.81,0.78,0.0,2.58,0.0,134.73,-1.81
1.0280000000000007,1.81,0.78,-0.08,2.51,0.0,134.73,-1.81
1.0320000000000007,1.81,0.79,0.11,2.71,0.0,134.73,-1.81
1.0360000000000007,1.81,0.79,0.0,2.6,0.0,134.73,-1.81
1.0400000000000007,1.81,0.8,0.0,2.61,0.0,134.73,-1.81
1.0440000000000007,1.81,0.8,0.0,2.61,0.0,134.73,-1.81
1.0480000000000007,1.81,0.81,0.04,2.65,0.0,134.73,-1.81
1.0520000000000007,1.81,0.81,0.0,2.62,0.0,134.73,-1.81
1.0560000000000007,1.81,0.82,0.1,2.73,0.0,134.73,-1.81
1.0600000000000007,1.81,0.83,0.0,2.63,0.0,134.73,-1.81
1.0640000000000007,1.81,0.83,0.0,2.64,0.0,134.73,-1.81
1.0680000000000007,1.81,0.84,0.0,2.64,0.0,134.73,-1.81
1.0720000000000007,1.81,0.84,0.0,2.65,0.0,134.73,-1.81
1.0760000000000007,1.81,0.85,-0.07,2.58,0.0,134.73,-1.81
1.0800000000000007,1.81,0.85,0.0,2.66,0.0,134.73,-1.81
1.0840000000000007,1.81,0.86,0.0,2.67,0.0,134.73,-1.81
1.0880000000000007,1.81,0.86,0.0,2.67,0.0,134.73,-1.81
1.0920000000000007,1.81,0.87,0.0,2.68,0.0,134.73,-1.81
1.0960000000000008,1.81,0.87,-0.07,2.61,0.0,134.73,-1.81
1.1000000000000008,1.81,0.88,0.0,2.69,0.0,134.73,-1.81
1.1040000000000008,1.81,0.89,-0.11,2.59,0.0,134.73,-1.81
1.1080000000000008,1.81,0.89,0.0,2.7,0.0,134.73,-1.81
1.1120000000000008,1.81,0.9,0.0,2.7,0.0,134.73,-1.81
1.1160000000000008,1.81,0.9,0.0,2.71,0.0,134.73,-1.81
1.1200000000000008,1.81,0.91,0.0,2.71,0.0,134.73,-1.81
1.1240000000000008,1.81,0.91,0.0,2.72,0.0,134.73,-1.81
1.1280000000000008,1.81,0.92,0.0,2.73,0.0,134.73,-1.81
1.1320000000000008,1.81,0.92,0.0,2.73,0.0,134.73,-1.81
1.1360000000000008,1.81,0.93,-0.07,2.66,0.0,134.73,-1.81
1.1400000000000008,1.81,0.93,0.0,2.74,0.0,134.73,-1.81
1.1440000000000008,1.81,0.94,0.0,2.75,0.0,134.73,-1.81
1.1480000000000008,1.81,0.95,-0.11,2.65,0.0,134.73,-1.81
1.1520000000000008,1.81,0.95,0.0,2.76,0.0,134.73,-1.81
1.1560000000000008,1.81,0.96,0.0,2.76,0.0,134.73,-1.81
1.1600000000000008,1.81,0.96,0.0,2.77,0.0,134.73,-1.81
1.1640000000000008,1.81,0.97,0.0,2.77,0.0,134.73,-1.81
1.1680000000000008,1.81,0.97,0.0,2.78,0.0,134.73,-1.81
1.1720000000000008,1.81,0.98,0.0,2.78,0.0,134.73,-1.81
1.1760000000000008,1.81,0.98,0.0,2.79,0.0,134.73,-1.81
1.1800000000000008,1.81,0.99,0.0,2.8,0.0,134.73,-1.81
1.1840000000000008,1.81,0.99,-0.1,2.7,0.0,134.73,-1.81
1.1880000000000008,1.81,1.0,0.0,2.81,0.0,134.73,-1.81
1.1920000000000008,1.81,1.0,0.0,2.81,0.0,134.73,-1.81
1.1960000000000008,1.81,1.01,-0.11,2.71,0.0,134.73,-1.81
1.2000000000000008,1.81,1.02,0.11,2.93,0.0,134.73,-1.81
1.2040000000000008,1.81,1.02,0.0,2.83,0.0,134.73,-1.81
1.2080000000000009,1.81,1.03,0.0,2.83,0.0,134.73,-1.81
1.2120000000000009,1.81,1.03,0.0,2.84,0.0,134.73,-1.81
1.2160000000000009,1.81,1.04,0.03,2.87,0.0,134.73,-1.81
1.2200000000000009,1.81,1.04,0.07,2.92,0.0,134.73,-1.81
1.2240000000000009,1.81,1.05,0.0,2.86,0.0,134.73,-1.81
1.2280000000000009,1.81,1.05,0.0,2.86,0.0,134.73,-1.81
1.2320000000000009,1.81,1.06,0.08,2.94,0.0,134.73,-1.81
1.2360000000000009,1.81,1.06,-0.08,2.8,0.0,134.73,-1.81
1.2400000000000009,1.81,1.07,0.0,2.88,0.0,134.73,-1.81
1.2440000000000009,1.81,1.08,-0.03,2.85,0.0,134.73,-1.81
1.2480000000000009,1.81,1.08,0.0,2.89,0.0,134.73,-1.81
1.252000000000001,1.81,1.09,0.0,2.89,0.0,134.73,-1.81
1.256000000000001,1.81,1.09,0.0,2.9,0.0,134.73,-1.81
1.260000000000001,1.81,1.1,-0.11,2.8,0.0,134.73,-1.81
1.264000000000001,1.81,1.1,0.0,2.91,0.0,134.73,-1.81
1.268000000000001,1.81,1.11,0.0,2.91,0.0,134.73,-1.81
1.272000000000001,1.81,1.11,0.0,2.92,0.0,134.73,-1.81
1.276000000000001,1.81,1.12,-0.07,2.85,0.0,134.73,-1.81
1.280000000000001,1.81,1.12,0.0,2.93,0.0,134.73,-1.81
1.284000000000001,1.81,1.13,0.11,3.04,0.0,134.73,-1.81
1.288000000000001,1.81,1.13,0.0,2.94,0.0,134.73,-1.81
1.292000000000001,1.8,1.14,-2.09,0.86,0.0,134.73,-1.8
1.296000000000001,1.81,1.15,2.16,5.11,0.0,134.73,-1.81
1.300000000000001,1.81,1.15,0.0,2.96,0.0,134.73,-1.81
1.304000000000001,1.8,1.16,-2.16,0.8,0.0,134.73,-1.8
1.308000000000001,1.81,1.16,2.16,5.13,0.0,134.73,-1.81
1.312000000000001,1.81,1.17,0.0,2.97,0.0,134.73,-1.81
1.316000000000001,1.81,1.17,0.0,2.98,0.0,134.73,-1.81
1.320000000000001,1.8,1.18,-2.23,0.75,0.0,134.73,-1.8
1.324000000000001,1.8,1.18,0.07,3.06,0.0,134.73,-1.8
1.328000000000001,1.81,1.19,1.98,4.97,0.0,134.73,-1.81
1.332000000000001,1.81,1.19,0.0,3.0,0.0,134.73,-1.81
1.336000000000001,1.81,1.2,0.07,3.08,0.0,134.73,-1.81
1.340000000000001,1.81,1.21,0.0,3.01,0.0,134.73,-1.81
1.344000000000001,1.81,1.21,0.0,3.02,0.0,134.73,-1.81
1.348000000000001,1.81,1.22,0.07,3.09,0.0,134.73,-1.81
1.352000000000001,1.8,1.22,-2.08,0.94,0.0,134.73,-1.8
1.356000000000001,1.8,1.23,0.0,3.03,0.0,134.73,-1.8
1.360000000000001,1.8,1.23,0.0,3.03,0.0,134.73,-1.8
1.364000000000001,1.8,1.24,0.0,3.04,0.0,134.73,-1.8
1.368000000000001,1.8,1.24,0.0,3.04,0.0,134.73,-1.8
1.372000000000001,1.8,1.25,0.11,3.16,0.0,134.73,-1.8
1.376000000000001,1.8,1.25,0.0,3.05,0.0,134.73,-1.8
1.380000000000001,1.8,1.26,0.1,3.16,0.0,134.73,-1.8
1.384000000000001,1.8,1.26,0.0,3.07,0.0,134.73,-1.8
1.388000000000001,1.8,1.27,0.0,3.07,0.0,134.73,-1.8
1.392000000000001,1.8,1.28,0.0,3.08,0.0,134.73,-1.8
1.396000000000001,1.8,1.28,-0.07,3.01,0.0,134.73,-1.8
1.400000000000001,1.8,1.29,0.0,3.09,0.0,134.73,-1.8
1.404000000000001,1.8,1.29,0.0,3.09,0.0,134.73,-1.8
1.408000000000001,1.8,1.3,0.0,3.1,0.0,134.73,-1.8
1.412000000000001,1.8,1.3,0.0,3.1,0.0,134.73,-1.8
1.416000000000001,1.8,1.31,-0.11,3.0,0.0,134.73,-1.8
1.420000000000001,1.8,1.31,0.0,3.11,0.0,134.73,-1.8
1.424000000000001,1.8,1.32,0.0,3.12,0.0,134.73,-1.8
1.428000000000001,1.8,1.32,0.0,3.12,0.0,134.73,-1.8
1.432000000000001,1.8,1.33,0.0,3.13,0.0,134.73,-1.8
1.436000000000001,1.8,1.33,0.0,3.14,0.0,134.73,-1.8
1.440000000000001,1.8,1.34,0.0,3.14,0.0,134.73,-1.8
1.444000000000001,1.8,1.35,0.11,3.25,0.0,134.73,-1.8
1.448000000000001,1.8,1.35,0.07,3.22,0.0,134.73,-1.8
1.452000000000001,1.8,1.36,0.0,3.16,0.0,134.73,-1.8
1.456000000000001,1.8,1.36,0.0,3.16,0.0,134.73,-1.8
1.460000000000001,1.8,1.37,-0.1,3.07,0.0,134.73,-1.8
1.464000000000001,1.8,1.37,0.07,3.24,0.0,134.73,-1.8
1.468000000000001,1.8,1.38,0.0,3.18,0.0,134.73,-1.8
1.472000000000001,1.8,1.38,0.11,3.29,0.0,134.73,-1.8
1.476000000000001,1.8,1.39,0.0,3.19,0.0,134.73,-1.8
1.480000000000001,1.8,1.39,-0.11,3.09,0.0,134.73,-1.8
1.484000000000001,1.8,1.4,0.11,3.31,0.0,134.73,-1.8
1.488000000000001,1.8,1.41,0.0,3.21,0.0,134.73,-1.8
1.492000000000001,1.8,1.41,0.08,3.29,0.0,134.73,-1.8
1.496000000000001,1.8,1.42,0.0,3.22,0.0,134.73,-1.8
1.500000000000001,1.8,1.42,0.0,3.22,0.0,134.73,-1.8
1.5040000000000011,1.8,1.43,0.1,3.33,0.0,134.73,-1.8
1.5080000000000011,1.8,1.43,0.07,3.31,0.0,134.73,-1.8
1.5120000000000011,1.81,1.44,2.05,5.3,0.0,134.73,-1.81
1.5160000000000011,1.81,1.44,-0.07,3.18,0.0,134.73,-1.81
1.5200000000000011,1.81,1.45,0.0,3.26,0.0,134.73,-1.81
1.5240000000000011,1.81,1.45,-0.07,3.19,0.0,134.73,-1.81
1.5280000000000011,1.8,1.46,-2.16,1.1,0.0,134.73,-1.8
1.5320000000000011,1.8,1.46,0.0,3.27,0.0,134.73,-1.8
1.5360000000000011,1.8,1.47,-0.07,3.2,0.0,134.73,-1.8
1.5400000000000011,1.8,1.48,-0.07,3.21,0.0,134.73,-1.8
1.5440000000000011,1.79,1.48,-3.06,0.21,0.0,134.74,-1.79
1.5480000000000012,1.79,1.49,0.11,3.39,0.0,134.74,-1.79
1.5520000000000012,1.79,1.49,-0.08,3.2,0.0,134.74,-1.79
1.5560000000000012,1.79,1.5,-2.04,1.24,0.0,134.75,-1.79
1.5600000000000012,1.79,1.5,0.0,3.29,0.0,134.75,-1.79
1.5640000000000012,1.79,1.51,0.11,3.4,0.0,134.75,-1.79
1.5680000000000012,1.79,1.51,0.0,3.3,0.0,134.75,-1.79
1.5720000000000012,1.79,1.52,0.0,3.3,0.0,134.75,-1.79
1.5760000000000012,1.79,1.52,0.11,3.42,0.0,134.75,-1.79
1.5800000000000012,1.79,1.53,0.0,3.32,0.0,134.75,-1.79
1.5840000000000012,1.79,1.53,0.07,3.39,0.0,134.75,-1.79
1.5880000000000012,1.79,1.54,0.0,3.33,0.0,134.75,-1.79
1.5920000000000012,1.79,1.55,0.0,3.33,0.0,134.75,-1.79
1.5960000000000012,1.79,1.55,0.0,3.34,0.0,134.75,-1.79
1.6000000000000012,1.79,1.56,0.0,3.34,0.0,134.75,-1.79
1.6040000000000012,1.79,1.56,-0.1,3.25,0.0,134.75,-1.79
1.6080000000000012,1.79,1.57,0.0,3.35,0.0,134.75,-1.79
1.6120000000000012,1.79,1.57,-0.11,3.25,0.0,134.75,-1.79
1.6160000000000012,1.79,1.58,0.07,3.43,0.0,134.75,-1.79
1.6200000000000012,1.79,1.58,0.0,3.37,0.0,134.75,-1.79
1.6240000000000012,1.79,1.59,0.18,3.55,0.0,134.75,-1.79
1.6280000000000012,1.79,1.59,0.0,3.38,0.0,134.75,-1.79
1.6320000000000012,1.79,1.6,0.0,3.39,0.0,134.75,-1.79
1.6360000000000012,1.79,1.6,0.0,3.39,0.0,134.75,-1.79
1.6400000000000012,1.79,1.61,0.0,3.4,0.0,134.75,-1.79
1.6440000000000012,1.79,1.61,0.0,3.4,0.0,134.75,-1.79
1.6480000000000012,1.79,1.62,0.07,3.48,0.0,134.75,-1.79
1.6520000000000012,1.79,1.63,0.0,3.41,0.0,134.75,-1.79
1.6560000000000012,1.79,1.63,0.0,3.42,0.0,134.75,-1.79
1.6600000000000013,1.79,1.64,0.18,3.6,0.0,134.75,-1.79
1.6640000000000013,1.79,1.64,0.0,3.43,0.0,134.75,-1.79
1.6680000000000013,1.79,1.65,2.16,5.6,0.0,134.74,-1.79
1.6720000000000013,1.79,1.65,0.07,3.51,0.0,134.74,-1.79
1.6760000000000013,1.79,1.66,0.0,3.45,0.0,134.74,-1.79
1.6800000000000013,1.79,1.66,0.0,3.46,0.0,134.74,-1.79
1.6840000000000013,1.79,1.67,0.0,3.46,0.0,134.74,-1.79
1.6880000000000013,1.79,1.67,0.08,3.54,0.0,134.74,-1.79
1.6920000000000013,1.79,1.68,0.0,3.47,0.0,134.74,-1.79
1.6960000000000013,1.79,1.68,0.0,3.48,0.0,134.74,-1.79
1.7000000000000013,1.79,1.69,0.0,3.48,0.0,134.74,-1.79
1.7040000000000013,1.79,1.7,0.0,3.49,0.0,134.74,-1.79
1.7080000000000013,1.79,1.7,-0.08,3.42,0.0,134.74,-1.79
1.7120000000000013,1.79,1.71,0.11,3.61,0.0,134.74,-1.79
1.7160000000000013,1.79,1.71,-0.11,3.39,0.0,134.74,-1.79
1.7200000000000013,1.79,1.72,0.0,3.51,0.0,134.74,-1.79
1.7240000000000013,1.79,1.72,0.0,3.52,0.0,134.74,-1.79
1.7280000000000013,1.79,1.73,0.0,3.52,0.0,134.74,-1.79
1.7320000000000013,1.79,1.73,0.0,3.53,0.0,134.74,-1.79
1.7360000000000013,1.79,1.74,-0.07,3.47,0.0,134.74,-1.79
1.7400000000000013,1.79,1.74,-2.16,1.37,0.0,134.75,-1.79
1.7440000000000013,1.79,1.75,0.0,3.54,0.0,134.75,-1.79
1.7480000000000013,1.79,1.75,0.0,3.54,0.0,134.75,-1.79
1.7520000000000013,1.79,1.76,2.05,5.6,0.0,134.74,-1.79
1.7560000000000013,1.79,1.77,0.0,3.56,0.0,134.74,-1.79
1.7600000000000013,1.79,1.77,0.0,3.56,0.0,134.74,-1.79
1.7640000000000013,1.79,1.78,0.18,3.75,0.0,134.74,-1.79
1.7680000000000013,1.79,1.78,-0.18,3.4,0.0,134.74,-1.79
1.7720000000000014,1.79,1.79,0.0,3.58,0.0,134.74,-1.79
1.7760000000000014,1.79,1.79,-0.1,3.48,0.0,134.74,-1.79
1.7800000000000014,1.79,1.8,0.0,3.59,0.0,134.74,-1.79
1.7840000000000014,1.79,1.8,-0.08,3.52,0.0,134.74,-1.79
1.7880000000000014,1.79,1.81,0.0,3.6,0.0,134.74,-1.79
1.7920000000000014,1.79,1.81,0.0,3.61,0.0,134.74,-1.79
1.7960000000000014,1.79,1.82,-0.1,3.51,0.0,134.74,-1.79
1.8000000000000014,1.79,1.82,0.0,3.62,0.0,134.74,-1.79
1.8040000000000014,1.79,1.83,0.0,3.62,0.0,134.74,-1.79
1.8080000000000014,1.79,1.84,0.0,3.63,0.0,134.74,-1.79
1.8120000000000014,1.79,1.84,0.0,3.63,0.0,134.74,-1.79
1.8160000000000014,1.79,1.85,0.0,3.64,0.0,134.74,-1.79
1.8200000000000014,1.79,1.85,0.0,3.64,0.0,134.74,-1.79
1.8240000000000014,1.79,1.86,0.0,3.65,0.0,134.74,-1.79
1.8280000000000014,1.79,1.86,0.0,3.66,0.0,134.74,-1.79
1.8320000000000014,1.79,1.87,0.0,3.66,0.0,134.74,-1.79
1.8360000000000014,1.79,1.87,0.0,3.67,0.0,134.74,-1.79
1.8400000000000014,1.79,1.88,0.1,3.77,0.0,134.74,-1.79
1.8440000000000014,1.79,1.88,0.0,3.68,0.0,134.74,-1.79
1.8480000000000014,1.79,1.89,-2.15,1.52,0.0,134.75,-1.79
1.8520000000000014,1.79,1.89,0.0,3.68,0.0,134.75,-1.79
1.8560000000000014,1.79,1.9,0.0,3.69,0.0,134.75,-1.79
1.8600000000000014,1.79,1.91,0.0,3.69,0.0,134.75,-1.79
1.8640000000000014,1.79,1.91,0.0,3.7,0.0,134.75,-1.79
1.8680000000000014,1.79,1.92,0.0,3.7,0.0,134.75,-1.79
1.8720000000000014,1.79,1.92,0.1,3.81,0.0,134.75,-1.79
1.8760000000000014,1.79,1.93,0.0,3.71,0.0,134.75,-1.79
1.8800000000000014,1.79,1.93,-0.07,3.65,0.0,134.75,-1.79
1.8840000000000015,1.79,1.94,0.11,3.84,0.0,134.75,-1.79
1.8880000000000015,1.79,1.94,0.0,3.73,0.0,134.75,-1.79
1.8920000000000015,1.79,1.95,0.0,3.74,0.0,134.75,-1.79
1.8960000000000015,1.79,1.95,0.0,3.74,0.0,134.75,-1.79
1.9000000000000015,1.79,1.96,0.0,3.75,0.0,134.75,-1.79
1.9040000000000015,1.79,1.96,0.0,3.75,0.0,134.75,-1.79
1.9080000000000015,1.79,1.97,0.0,3.76,0.0,134.75,-1.79
1.9120000000000015,1.79,1.97,-0.11,3.65,0.0,134.75,-1.79
1.9160000000000015,1.79,1.98,0.07,3.84,0.0,134.75,-1.79
1.9200000000000015,1.79,1.99,0.0,3.77,0.0,134.75,-1.79
1.9240000000000015,1.79,1.99,0.0,3.78,0.0,134.75,-1.79
1.9280000000000015,1.79,2.0,-0.07,3.71,0.0,134.75,-1.79
1.9320000000000015,1.79,2.0,0.0,3.79,0.0,134.75,-1.79
1.9360000000000015,1.79,2.01,0.0,3.79,0.0,134.75,-1.79
1.9400000000000015,1.79,2.01,0.0,3.8,0.0,134.75,-1.79
1.9440000000000015,1.79,2.02,0.0,3.8,0.0,134.75,-1.79
1.9480000000000015,1.79,2.02,0.0,3.81,0.0,134.75,-1.79
1.9520000000000015,1.79,2.03,0.07,3.89,0.0,134.75,-1.79
1.9560000000000015,1.79,2.03,0.0,3.82,0.0,134.75,-1.79
1.9600000000000015,1.79,2.04,-0.17,3.65,0.0,134.75,-1.79
1.9640000000000015,1.79,2.04,0.07,3.9,0.0,134.75,-1.79
1.9680000000000015,1.79,2.05,0.0,3.84,0.0,134.75,-1.79
1.9720000000000015,1.79,2.06,0.0,3.84,0.0,134.75,-1.79
1.9760000000000015,1.79,2.06,0.0,3.85,0.0,134.75,-1.79
1.9800000000000015,1.79,2.07,0.0,3.85,0.0,134.75,-1.79
1.9840000000000015,1.79,2.07,0.0,3.86,0.0,134.75,-1.79
1.9880000000000015,1.79,2.08,0.0,3.86,0.0,134.75,-1.79
1.9920000000000015,1.79,2.08,0.0,3.87,0.0,134.75,-1.79
1.9960000000000016,1.79,2.09,0.0,3.87,0.0,134.75,-1.79
2.0000000000000013,1.79,2.09,-0.07,3.81,0.0,134.75,-1.79
2.0040000000000013,1.79,2.1,-0.11,3.78,0.0,134.75,-1.79
2.0080000000000013,1.79,2.1,0.0,3.89,0.0,134.75,-1.79
2.0120000000000013,1.79,2.11,-0.11,3.78,0.0,134.75,-1.79
2.0160000000000013,1.79,2.11,0.0,3.9,0.0,134.75,-1.79
2.0200000000000014,1.79,2.12,2.16,6.07,0.0,134.74,-1.79
2.0240000000000014,1.79,2.12,0.0,3.92,0.0,134.74,-1.79
2.0280000000000014,1.79,2.13,0.08,4.0,0.0,134.74,-1.79
2.0320000000000014,1.79,2.14,0.0,3.93,0.0,134.74,-1.79
2.0360000000000014,1.79,2.14,0.0,3.93,0.0,134.74,-1.79
2.0400000000000014,1.79,2.15,0.0,3.94,0.0,134.74,-1.79
2.0440000000000014,1.79,2.15,0.0,3.94,0.0,134.74,-1.79
2.0480000000000014,1.79,2.16,0.11,4.06,0.0,134.74,-1.79
2.0520000000000014,1.79,2.16,0.0,3.96,0.0,134.74,-1.79
2.0560000000000014,1.79,2.17,0.0,3.96,0.0,134.74,-1.79
2.0600000000000014,1.79,2.17,0.0,3.97,0.0,134.74,-1.79
2.0640000000000014,1.79,2.18,-0.11,3.86,0.0,134.74,-1.79
2.0680000000000014,1.79,2.18,0.0,3.98,0.0,134.74,-1.79
2.0720000000000014,1.79,2.19,0.0,3.98,0.0,134.74,-1.79
2.0760000000000014,1.79,2.19,-0.18,3.8,0.0,134.74,-1.79
2.0800000000000014,1.79,2.2,0.0,3.99,0.0,134.74,-1.79
2.0840000000000014,1.79,2.21,0.0,4.0,0.0,134.74,-1.79
2.0880000000000014,1.79,2.21,-0.1,3.9,0.0,134.74,-1.79
2.0920000000000014,1.79,2.22,0.0,4.01,0.0,134.74,-1.79
2.0960000000000014,1.79,2.22,0.0,4.01,0.0,134.74,-1.79
2.1000000000000014,1.79,2.23,0.0,4.02,0.0,134.74,-1.79
2.1040000000000014,1.79,2.23,0.0,4.02,0.0,134.74,-1.79
2.1080000000000014,1.79,2.24,0.07,4.1,0.0,134.74,-1.79
2.1120000000000014,1.79,2.24,0.0,4.04,0.0,134.74,-1.79
2.1160000000000014,1.79,2.25,0.11,4.15,0.0,134.74,-1.79
2.1200000000000014,1.79,2.25,0.07,4.12,0.0,134.74,-1.79
2.1240000000000014,1.79,2.26,0.11,4.16,0.0,134.74,-1.79
2.1280000000000014,1.79,2.26,0.0,4.06,0.0,134.74,-1.79
2.1320000000000014,1.79,2.27,0.07,4.13,0.0,134.74,-1.79
2.1360000000000015,1.79,2.28,0.11,4.18,0.0,134.74,-1.79
2.1400000000000015,1.79,2.28,0.0,4.07,0.0,134.74,-1.79
2.1440000000000015,1.79,2.29,0.0,4.08,0.0,134.74,-1.79
2.1480000000000015,1.79,2.29,0.0,4.08,0.0,134.74,-1.79
2.1520000000000015,1.79,2.3,0.0,4.09,0.0,134.74,-1.79
2.1560000000000015,1.79,2.3,0.0,4.1,0.0,134.74,-1.79
2.1600000000000015,1.79,2.31,0.0,4.1,0.0,134.74,-1.79
2.1640000000000015,1.79,2.31,0.04,4.14,0.0,134.74,-1.79
2.1680000000000015,1.79,2.32,0.0,4.11,0.0,134.74,-1.79
2.1720000000000015,1.79,2.32,0.1,4.22,0.0,134.74,-1.79
2.1760000000000015,1.79,2.33,-2.16,1.96,0.0,134.75,-1.79
2.1800000000000015,1.79,2.33,0.0,4.12,0.0,134.75,-1.79
2.1840000000000015,1.79,2.34,0.0,4.13,0.0,134.75,-1.79
2.1880000000000015,1.79,2.35,0.0,4.13,0.0,134.75,-1.79
2.1920000000000015,1.79,2.35,0.11,4.25,0.0,134.75,-1.79
2.1960000000000015,1.79,2.36,-0.11,4.04,0.0,134.75,-1.79
2.2000000000000015,1.79,2.36,0.0,4.15,0.0,134.75,-1.79
2.2040000000000015,1.79,2.37,0.0,4.15,0.0,134.75,-1.79
2.2080000000000015,1.79,2.37,-0.07,4.09,0.0,134.75,-1.79
2.2120000000000015,1.79,2.38,0.0,4.16,0.0,134.75,-1.79
2.2160000000000015,1.79,2.38,0.0,4.17,0.0,134.75,-1.79
2.2200000000000015,1.79,2.39,0.0,4.18,0.0,134.75,-1.79
2.2240000000000015,1.79,2.39,0.0,4.18,0.0,134.75,-1.79
2.2280000000000015,1.79,2.4,0.0,4.19,0.0,134.75,-1.79
2.2320000000000015,1.79,2.4,0.0,4.19,0.0,134.75,-1.79
2.2360000000000015,1.79,2.41,-0.1,4.09,0.0,134.75,-1.79
2.2400000000000015,1.79,2.42,0.0,4.2,0.0,134.75,-1.79
2.2440000000000015,1.79,2.42,-0.11,4.09,0.0,134.75,-1.79
2.2480000000000016,1.79,2.43,-0.07,4.15,0.0,134.75,-1.79
2.2520000000000016,1.79,2.43,0.0,4.22,0.0,134.75,-1.79
2.2560000000000016,1.79,2.44,0.0,4.22,0.0,134.75,-1.79
2.2600000000000016,1.79,2.44,2.23,6.46,0.0,134.74,-1.79
2.2640000000000016,1.79,2.45,-0.11,4.13,0.0,134.74,-1.79
2.2680000000000016,1.79,2.45,0.0,4.25,0.0,134.74,-1.79
2.2720000000000016,1.79,2.46,0.0,4.25,0.0,134.74,-1.79
2.2760000000000016,1.79,2.46,0.0,4.26,0.0,134.74,-1.79
2.2800000000000016,1.79,2.47,0.11,4.37,0.0,134.74,-1.79
2.2840000000000016,1.79,2.47,0.07,4.33,0.0,134.74,-1.79
2.2880000000000016,1.79,2.48,0.0,4.27,0.0,134.74,-1.79
2.2920000000000016,1.79,2.48,0.11,4.39,0.0,134.74,-1.79
2.2960000000000016,1.79,2.49,-2.23,2.05,0.0,134.75,-1.79
2.3000000000000016,1.79,2.5,0.0,4.28,0.0,134.75,-1.79
2.3040000000000016,1.79,2.5,0.0,4.29,0.0,134.75,-1.79
2.3080000000000016,1.79,2.51,0.1,4.4,0.0,134.75,-1.79
2.3120000000000016,1.79,2.51,0.0,4.3,0.0,134.75,-1.79
2.3160000000000016,1.79,2.52,0.0,4.3,0.0,134.75,-1.79
2.3200000000000016,1.79,2.52,0.0,4.31,0.0,134.75,-1.79
2.3240000000000016,1.79,2.53,0.0,4.31,0.0,134.75,-1.79
2.3280000000000016,1.79,2.53,0.0,4.32,0.0,134.75,-1.79
2.3320000000000016,1.79,2.54,0.0,4.33,0.0,134.75,-1.79
2.3360000000000016,1.79,2.54,0.0,4.33,0.0,134.75,-1.79
2.3400000000000016,1.79,2.55,0.0,4.34,0.0,134.75,-1.79
2.3440000000000016,1.79,2.55,0.11,4.45,0.0,134.75,-1.79
2.3480000000000016,1.79,2.56,0.0,4.35,0.0,134.75,-1.79
2.3520000000000016,1.79,2.57,0.07,4.42,0.0,134.75,-1.79
2.3560000000000016,1.79,2.57,0.11,4.47,0.0,134.75,-1.79
2.3600000000000017,1.79,2.58,0.0,4.36,0.0,134.75,-1.79
2.3640000000000017,1.79,2.58,0.0,4.37,0.0,134.75,-1.79
2.3680000000000017,1.79,2.59,0.0,4.37,0.0,134.75,-1.79
2.3720000000000017,1.79,2.59,0.0,4.38,0.0,134.75,-1.79
2.3760000000000017,1.79,2.6,0.03,4.42,0.0,134.75,-1.79
2.3800000000000017,1.79,2.6,0.0,4.39,0.0,134.75,-1.79
2.3840000000000017,1.79,2.61,0.0,4.4,0.0,134.75,-1.79
2.3880000000000017,1.79,2.61,0.0,4.4,0.0,134.75,-1.79
2.3920000000000017,1.79,2.62,0.0,4.41,0.0,134.75,-1.79
2.3960000000000017,1.79,2.62,0.07,4.48,0.0,134.75,-1.79
2.4000000000000017,1.79,2.63,0.0,4.42,0.0,134.75,-1.79
2.4040000000000017,1.79,2.64,-0.1,4.32,0.0,134.75,-1.79
2.4080000000000017,1.79,2.64,0.0,4.43,0.0,134.75,-1.79
2.4120000000000017,1.79,2.65,0.0,4.43,0.0,134.75,-1.79
2.4160000000000017,1.79,2.65,0.0,4.44,0.0,134.75,-1.79
2.4200000000000017,1.79,2.66,0.0,4.44,0.0,134.75,-1.79
2.4240000000000017,1.79,2.66,0.0,4.45,0.0,134.75,-1.79
2.4280000000000017,1.79,2.67,0.07,4.52,0.0,134.75,-1.79
2.4320000000000017,1.79,2.67,0.0,4.46,0.0,134.75,-1.79
2.4360000000000017,1.79,2.68,0.0,4.47,0.0,134.75,-1.79
2.4400000000000017,1.79,2.68,0.0,4.47,0.0,134.75,-1.79
2.4440000000000017,1.79,2.69,2.23,6.71,0.0,134.74,-1.79
2.4480000000000017,1.79,2.69,0.0,4.49,0.0,134.74,-1.79
2.4520000000000017,1.79,2.7,0.0,4.49,0.0,134.74,-1.79
2.4560000000000017,1.79,2.7,0.0,4.5,0.0,134.74,-1.79
2.4600000000000017,1.79,2.71,-0.18,4.33,0.0,134.74,-1.79
2.4640000000000017,1.79,2.72,0.0,4.51,0.0,134.74,-1.79
2.4680000000000017,1.79,2.72,-0.1,4.41,0.0,134.74,-1.79
2.4720000000000018,1.79,2.73,-0.08,4.44,0.0,134.74,-1.79
2.4760000000000018,1.79,2.73,0.0,4.53,0.0,134.74,-1.79
2.4800000000000018,1.79,2.74,0.0,4.53,0.0,134.74,-1.79
2.4840000000000018,1.79,2.74,0.0,4.54,0.0,134.74,-1.79
2.4880000000000018,1.79,2.75,0.0,4.54,0.0,134.74,-1.79
2.4920000000000018,1.79,2.75,0.0,4.55,0.0,134.74,-1.79
2.4960000000000018,1.79,2.76,0.0,4.55,0.0,134.74,-1.79
2.5000000000000018,1.79,2.76,-2.16,2.39,0.0,134.75,-1.79
2.504000000000002,1.79,2.77,0.0,4.56,0.0,134.75,-1.79
2.508000000000002,1.79,2.77,0.0,4.56,0.0,134.75,-1.79
2.512000000000002,1.79,2.78,0.0,4.57,0.0,134.75,-1.79
2.516000000000002,1.79,2.79,0.0,4.57,0.0,134.75,-1.79
2.520000000000002,1.79,2.79,0.0,4.58,0.0,134.75,-1.79
2.524000000000002,1.79,2.8,0.04,4.62,0.0,134.75,-1.79
2.528000000000002,1.79,2.8,0.0,4.59,0.0,134.75,-1.79
2.532000000000002,1.79,2.81,0.0,4.59,0.0,134.75,-1.79
2.536000000000002,1.79,2.81,0.11,4.71,0.0,134.75,-1.79
2.540000000000002,1.79,2.82,-0.11,4.49,0.0,134.75,-1.79
2.544000000000002,1.79,2.82,0.0,4.61,0.0,134.75,-1.79
2.548000000000002,1.79,2.83,0.0,4.62,0.0,134.75,-1.79
2.552000000000002,1.79,2.83,0.0,4.62,0.0,134.75,-1.79
2.556000000000002,1.79,2.84,0.0,4.63,0.0,134.75,-1.79
2.560000000000002,1.79,2.84,0.0,4.63,0.0,134.75,-1.79
2.564000000000002,1.79,2.85,0.0,4.64,0.0,134.75,-1.79
2.568000000000002,1.79,2.86,0.0,4.64,0.0,134.75,-1.79
2.572000000000002,1.79,2.86,-0.11,4.54,0.0,134.75,-1.79
2.576000000000002,1.79,2.87,0.0,4.65,0.0,134.75,-1.79
2.580000000000002,1.79,2.87,0.07,4.73,0.0,134.75,-1.79
2.584000000000002,1.79,2.88,0.0,4.66,0.0,134.75,-1.79
2.588000000000002,1.79,2.88,-0.07,4.6,0.0,134.75,-1.79
2.592000000000002,1.79,2.89,-0.1,4.57,0.0,134.75,-1.79
2.596000000000002,1.79,2.89,0.0,4.68,0.0,134.75,-1.79
2.600000000000002,1.79,2.9,0.0,4.68,0.0,134.75,-1.79
2.604000000000002,1.79,2.9,0.0,4.69,0.0,134.75,-1.79
2.608000000000002,1.79,2.91,0.0,4.7,0.0,134.75,-1.79
2.612000000000002,1.79,2.91,0.0,4.7,0.0,134.75,-1.79
2.616000000000002,1.79,2.92,0.1,4.81,0.0,134.75,-1.79
2.620000000000002,1.79,2.92,0.0,4.71,0.0,134.75,-1.79
2.624000000000002,1.79,2.93,0.0,4.72,0.0,134.75,-1.79
2.628000000000002,1.79,2.94,0.0,4.72,0.0,134.75,-1.79
2.632000000000002,1.79,2.94,0.0,4.73,0.0,134.75,-1.79
2.636000000000002,1.79,2.95,0.0,4.73,0.0,134.75,-1.79
2.640000000000002,1.79,2.95,0.0,4.74,0.0,134.75,-1.79
2.644000000000002,1.79,2.96,0.0,4.74,0.0,134.75,-1.79
2.648000000000002,1.79,2.96,0.0,4.75,0.0,134.75,-1.79
2.652000000000002,1.79,2.97,0.0,4.75,0.0,134.75,-1.79
2.656000000000002,1.79,2.97,0.0,4.76,0.0,134.75,-1.79
2.660000000000002,1.79,2.98,0.07,4.84,0.0,134.75,-1.79
2.664000000000002,1.79,2.98,0.11,4.88,0.0,134.75,-1.79
2.668000000000002,1.79,2.99,0.08,4.85,0.0,134.75,-1.79
2.672000000000002,1.79,2.99,-0.08,4.71,0.0,134.75,-1.79
2.676000000000002,1.79,3.0,2.05,6.84,0.0,134.74,-1.79
2.680000000000002,1.79,3.01,-2.16,2.64,0.0,134.75,-1.79
2.684000000000002,1.79,3.01,0.11,4.91,0.0,134.75,-1.79
2.688000000000002,1.79,3.02,0.0,4.8,0.0,134.75,-1.79
2.692000000000002,1.79,3.02,0.0,4.81,0.0,134.75,-1.79
2.696000000000002,1.79,3.03,0.0,4.81,0.0,134.75,-1.79
2.700000000000002,1.79,3.03,0.08,4.9,0.0,134.75,-1.79
2.704000000000002,1.79,3.04,0.0,4.83,0.0,134.75,-1.79
2.708000000000002,1.79,3.04,0.0,4.83,0.0,134.75,-1.79
2.712000000000002,1.79,3.05,0.0,4.84,0.0,134.75,-1.79
2.716000000000002,1.79,3.05,-0.08,4.76,0.0,134.75,-1.79
2.720000000000002,1.79,3.06,0.0,4.85,0.0,134.75,-1.79
2.724000000000002,1.78,3.06,-2.09,2.76,0.0,134.75,-1.78
2.728000000000002,1.78,3.07,0.0,4.85,0.0,134.75,-1.78
2.732000000000002,1.78,3.07,-0.07,4.78,0.0,134.75,-1.78
2.736000000000002,1.78,3.08,-0.11,4.75,0.0,134.75,-1.78
2.740000000000002,1.78,3.09,0.11,4.97,0.0,134.75,-1.78
2.744000000000002,1.78,3.09,-0.07,4.81,0.0,134.75,-1.78
2.748000000000002,1.78,3.1,-0.11,4.77,0.0,134.75,-1.78
2.752000000000002,1.79,3.1,2.15,7.04,0.0,134.75,-1.79
2.756000000000002,1.79,3.11,0.0,4.89,0.0,134.75,-1.79
2.760000000000002,1.79,3.11,0.18,5.08,0.0,134.75,-1.79
2.764000000000002,1.78,3.12,-2.22,2.68,0.0,134.75,-1.78
2.768000000000002,1.78,3.12,0.0,4.9,0.0,134.75,-1.78
2.772000000000002,1.78,3.13,0.0,4.91,0.0,134.75,-1.78
2.776000000000002,1.78,3.13,0.0,4.91,0.0,134.75,-1.78
2.780000000000002,1.78,3.14,-0.11,4.81,0.0,134.75,-1.78
2.784000000000002,1.78,3.14,0.0,4.93,0.0,134.75,-1.78
2.788000000000002,1.78,3.15,-0.18,4.75,0.0,134.75,-1.78
2.792000000000002,1.78,3.16,0.0,4.94,0.0,134.75,-1.78
2.796000000000002,1.78,3.16,-0.9,4.04,0.0,134.76,-1.78
2.800000000000002,1.78,3.17,-0.07,4.87,0.0,134.76,-1.78
2.804000000000002,1.77,3.17,-2.16,2.78,0.0,134.76,-1.77
2.808000000000002,1.77,3.18,0.0,4.95,0.0,134.76,-1.77
2.812000000000002,1.78,3.18,2.05,7.01,0.0,134.76,-1.78
2.816000000000002,1.78,3.19,0.07,5.03,0.0,134.76,-1.78
2.820000000000002,1.78,3.19,0.0,4.97,0.0,134.76,-1.78
2.824000000000002,1.78,3.2,0.11,5.09,0.0,134.76,-1.78
2.828000000000002,1.78,3.2,0.0,4.98,0.0,134.76,-1.78
2.832000000000002,1.78,3.21,0.0,4.99,0.0,134.76,-1.78
2.836000000000002,1.78,3.21,0.0,4.99,0.0,134.76,-1.78
2.840000000000002,1.78,3.22,0.11,5.1,0.0,134.76,-1.78
2.844000000000002,1.78,3.22,0.91,5.91,0.0,134.75,-1.78
2.848000000000002,1.78,3.23,0.1,5.11,0.0,134.75,-1.78
2.852000000000002,1.78,3.24,-1.01,4.01,0.0,134.76,-1.78
2.856000000000002,1.78,3.24,0.0,5.02,0.0,134.76,-1.78
2.860000000000002,1.77,3.25,-2.23,2.79,0.0,134.76,-1.77
2.864000000000002,1.77,3.25,0.0,5.02,0.0,134.76,-1.77
2.868000000000002,1.77,3.26,0.0,5.03,0.0,134.76,-1.77
2.872000000000002,1.77,3.26,0.0,5.03,0.0,134.76,-1.77
2.876000000000002,1.77,3.27,-0.08,4.96,0.0,134.76,-1.77
2.880000000000002,1.77,3.27,-0.11,4.94,0.0,134.76,-1.77
2.884000000000002,1.77,3.28,0.0,5.05,0.0,134.76,-1.77
2.888000000000002,1.77,3.28,0.0,5.05,0.0,134.76,-1.77
2.892000000000002,1.77,3.29,0.0,5.06,0.0,134.76,-1.77
2.896000000000002,1.77,3.29,0.0,5.06,0.0,134.76,-1.77
2.900000000000002,1.77,3.3,0.0,5.07,0.0,134.76,-1.77
2.904000000000002,1.77,3.3,-0.07,5.01,0.0,134.76,-1.77
2.908000000000002,1.77,3.31,-0.04,5.04,0.0,134.76,-1.77
2.912000000000002,1.77,3.31,0.0,5.08,0.0,134.76,-1.77
2.916000000000002,1.78,3.32,2.16,7.25,0.0,134.76,-1.78
2.920000000000002,1.78,3.33,0.07,5.17,0.0,134.76,-1.78
2.924000000000002,1.78,3.33,-0.11,5.0,0.0,134.76,-1.78
2.928000000000002,1.78,3.34,0.0,5.11,0.0,134.76,-1.78
2.932000000000002,1.78,3.34,0.11,5.23,0.0,134.76,-1.78
2.936000000000002,1.78,3.35,0.0,5.12,0.0,134.76,-1.78
2.940000000000002,1.78,3.35,0.0,5.13,0.0,134.76,-1.78
2.944000000000002,1.78,3.36,0.0,5.13,0.0,134.76,-1.78
2.948000000000002,1.78,3.36,0.0,5.14,0.0,134.76,-1.78
2.952000000000002,1.78,3.37,-0.07,5.07,0.0,134.76,-1.78
2.956000000000002,1.78,3.37,0.0,5.15,0.0,134.76,-1.78
2.960000000000002,1.78,3.38,-0.11,5.05,0.0,134.76,-1.78
2.964000000000002,1.78,3.38,0.0,5.16,0.0,134.76,-1.78
2.968000000000002,1.78,3.39,0.0,5.17,0.0,134.76,-1.78
2.972000000000002,1.78,3.39,0.0,5.17,0.0,134.76,-1.78
2.976000000000002,1.78,3.4,0.0,5.18,0.0,134.76,-1.78
2.980000000000002,1.78,3.41,-0.07,5.11,0.0,134.76,-1.78
2.984000000000002,1.78,3.41,0.0,5.19,0.0,134.76,-1.78
2.988000000000002,1.78,3.42,-0.03,5.16,0.0,134.76,-1.78
2.992000000000002,1.78,3.42,0.0,5.2,0.0,134.76,-1.78
2.996000000000002,1.78,3.43,-0.08,5.13,0.0,134.76,-1.78
3.000000000000002,1.78,3.43,0.0,5.21,0.0,134.76,-1.78
3.0040000000000022,1.78,3.44,0.0,5.21,0.0,134.76,-1.78
3.0080000000000022,1.77,3.44,-2.16,3.06,0.0,134.76,-1.77
3.0120000000000022,1.78,3.45,2.16,7.38,0.0,134.76,-1.78
3.0160000000000022,1.78,3.45,0.0,5.23,0.0,134.76,-1.78
3.0200000000000022,1.78,3.46,-0.1,5.13,0.0,134.76,-1.78
3.0240000000000022,1.78,3.46,0.0,5.24,0.0,134.76,-1.78
3.0280000000000022,1.78,3.47,0.0,5.24,0.0,134.76,-1.78
3.0320000000000022,1.78,3.47,0.07,5.32,0.0,134.76,-1.78
3.0360000000000023,1.78,3.48,0.0,5.26,0.0,134.76,-1.78
3.0400000000000023,1.78,3.49,0.07,5.33,0.0,134.76,-1.78
3.0440000000000023,1.78,3.49,0.0,5.27,0.0,134.76,-1.78
3.0480000000000023,1.78,3.5,0.0,5.27,0.0,134.76,-1.78
3.0520000000000023,1.78,3.5,0.0,5.28,0.0,134.76,-1.78
3.0560000000000023,1.78,3.51,0.11,5.39,0.0,134.76,-1.78
3.0600000000000023,1.78,3.51,-0.11,5.18,0.0,134.76,-1.78
3.0640000000000023,1.78,3.52,0.0,5.29,0.0,134.76,-1.78
3.0680000000000023,1.78,3.52,0.0,5.3,0.0,134.76,-1.78
3.0720000000000023,1.78,3.53,0.0,5.3,0.0,134.76,-1.78
3.0760000000000023,1.78,3.53,-0.1,5.21,0.0,134.76,-1.78
3.0800000000000023,1.78,3.54,0.0,5.31,0.0,134.76,-1.78
3.0840000000000023,1.78,3.54,0.0,5.32,0.0,134.76,-1.78
3.0880000000000023,1.78,3.55,0.0,5.32,0.0,134.76,-1.78
3.0920000000000023,1.78,3.55,0.0,5.33,0.0,134.76,-1.78
3.0960000000000023,1.78,3.56,0.0,5.34,0.0,134.76,-1.78
3.1000000000000023,1.78,3.57,0.07,5.41,0.0,134.76,-1.78
3.1040000000000023,1.78,3.57,0.0,5.35,0.0,134.76,-1.78
3.1080000000000023,1.78,3.58,0.0,5.35,0.0,134.76,-1.78
3.1120000000000023,1.78,3.58,0.0,5.36,0.0,134.76,-1.78
3.1160000000000023,1.78,3.59,0.07,5.43,0.0,134.76,-1.78
3.1200000000000023,1.78,3.59,0.0,5.37,0.0,134.76,-1.78
3.1240000000000023,1.78,3.6,0.0,5.37,0.0,134.76,-1.78
3.1280000000000023,1.78,3.6,0.0,5.38,0.0,134.76,-1.78
3.1320000000000023,1.78,3.61,-0.18,5.21,0.0,134.76,-1.78
3.1360000000000023,1.78,3.61,0.0,5.39,0.0,134.76,-1.78
3.1400000000000023,1.78,3.62,0.0,5.39,0.0,134.76,-1.78
3.1440000000000023,1.78,3.62,0.0,5.4,0.0,134.76,-1.78
3.1480000000000024,1.78,3.63,0.0,5.4,0.0,134.76,-1.78
3.1520000000000024,1.78,3.63,0.0,5.41,0.0,134.76,-1.78
3.1560000000000024,1.78,3.64,0.0,5.42,0.0,134.76,-1.78
3.1600000000000024,1.78,3.65,-0.07,5.35,0.0,134.76,-1.78
3.1640000000000024,1.78,3.65,0.0,5.43,0.0,134.76,-1.78
3.1680000000000024,1.78,3.66,0.07,5.5,0.0,134.76,-1.78
3.1720000000000024,1.78,3.66,0.0,5.44,0.0,134.76,-1.78
3.1760000000000024,1.78,3.67,0.0,5.44,0.0,134.76,-1.78
3.1800000000000024,1.78,3.67,0.0,5.45,0.0,134.76,-1.78
3.1840000000000024,1.78,3.68,0.11,5.56,0.0,134.76,-1.78
3.1880000000000024,1.78,3.68,0.0,5.46,0.0,134.76,-1.78
3.1920000000000024,1.78,3.69,0.0,5.46,0.0,134.76,-1.78
3.1960000000000024,1.78,3.69,0.0,5.47,0.0,134.76,-1.78
3.2000000000000024,1.78,3.7,-0.07,5.4,0.0,134.76,-1.78
3.2040000000000024,1.78,3.7,0.1,5.58,0.0,134.76,-1.78
3.2080000000000024,1.78,3.71,0.0,5.48,0.0,134.76,-1.78
3.2120000000000024,1.78,3.71,0.0,5.49,0.0,134.76,-1.78
3.2160000000000024,1.78,3.72,-0.07,5.43,0.0,134.76,-1.78
3.2200000000000024,1.78,3.73,0.0,5.5,0.0,134.76,-1.78
3.2240000000000024,1.78,3.73,0.0,5.51,0.0,134.76,-1.78
3.2280000000000024,1.78,3.74,0.0,5.51,0.0,134.76,-1.78
3.2320000000000024,1.78,3.74,0.11,5.62,0.0,134.76,-1.78
3.2360000000000024,1.78,3.75,-0.08,5.45,0.0,134.76,-1.78
3.2400000000000024,1.78,3.75,-0.1,5.43,0.0,134.76,-1.78
3.2440000000000024,1.78,3.76,0.07,5.6,0.0,134.76,-1.78
3.2480000000000024,1.78,3.76,0.0,5.54,0.0,134.76,-1.78
3.2520000000000024,1.78,3.77,-0.07,5.47,0.0,134.76,-1.78
3.2560000000000024,1.78,3.77,0.0,5.55,0.0,134.76,-1.78
3.2600000000000025,1.78,3.78,0.0,5.55,0.0,134.76,-1.78
3.2640000000000025,1.78,3.78,0.0,5.56,0.0,134.76,-1.78
3.2680000000000025,1.78,3.79,0.1,5.67,0.0,134.76,-1.78
3.2720000000000025,1.78,3.79,0.0,5.57,0.0,134.76,-1.78
3.2760000000000025,1.77,3.8,-2.05,3.51,0.0,134.76,-1.77
3.2800000000000025,1.77,3.8,0.0,5.57,0.0,134.76,-1.77
3.2840000000000025,1.77,3.81,0.11,5.69,0.0,134.76,-1.77
3.2880000000000025,1.77,3.82,0.07,5.66,0.0,134.76,-1.77
3.2920000000000025,1.77,3.82,0.1,5.69,0.0,134.76,-1.77
3.2960000000000025,1.77,3.83,-0.07,5.53,0.0,134.76,-1.77
3.3000000000000025,1.77,3.83,0.07,5.67,0.0,134.76,-1.77
3.3040000000000025,1.77,3.84,0.0,5.61,0.0,134.76,-1.77
3.3080000000000025,1.77,3.84,0.0,5.61,0.0,134.76,-1.77
3.3120000000000025,1.77,3.85,0.0,5.62,0.0,134.76,-1.77
3.3160000000000025,1.77,3.85,0.0,5.62,0.0,134.76,-1.77
3.3200000000000025,1.77,3.86,0.07,5.7,0.0,134.76,-1.77
3.3240000000000025,1.77,3.86,0.0,5.63,0.0,134.76,-1.77
3.3280000000000025,1.77,3.87,0.0,5.64,0.0,134.76,-1.77
3.3320000000000025,1.77,3.87,-0.07,5.57,0.0,134.76,-1.77
3.3360000000000025,1.77,3.88,0.0,5.65,0.0,134.76,-1.77
3.3400000000000025,1.77,3.88,0.0,5.65,0.0,134.76,-1.77
3.3440000000000025,1.77,3.89,0.0,5.66,0.0,134.76,-1.77
3.3480000000000025,1.77,3.9,0.0,5.67,0.0,134.76,-1.77
3.3520000000000025,1.77,3.9,0.0,5.67,0.0,134.76,-1.77
3.3560000000000025,1.77,3.91,-0.1,5.57,0.0,134.76,-1.77
3.3600000000000025,1.77,3.91,0.0,5.68,0.0,134.76,-1.77
3.3640000000000025,1.77,3.92,-0.11,5.58,0.0,134.76,-1.77
3.3680000000000025,1.78,3.92,2.16,7.85,0.0,134.76,-1.78
3.3720000000000026,1.78,3.93,0.0,5.7,0.0,134.76,-1.78
3.3760000000000026,1.78,3.93,-0.1,5.61,0.0,134.76,-1.78
3.3800000000000026,1.78,3.94,0.0,5.71,0.0,134.76,-1.78
3.3840000000000026,1.78,3.94,0.0,5.72,0.0,134.76,-1.78
3.3880000000000026,1.78,3.95,-0.11,5.62,0.0,134.76,-1.78
3.3920000000000026,1.78,3.95,0.0,5.73,0.0,134.76,-1.78
3.3960000000000026,1.78,3.96,0.0,5.73,0.0,134.76,-1.78
3.4000000000000026,1.78,3.96,0.07,5.81,0.0,134.76,-1.78
3.4040000000000026,1.78,3.97,0.0,5.75,0.0,134.76,-1.78
3.4080000000000026,1.78,3.98,0.0,5.75,0.0,134.76,-1.78
3.4120000000000026,1.78,3.98,0.0,5.76,0.0,134.76,-1.78
3.4160000000000026,1.78,3.99,-0.1,5.66,0.0,134.76,-1.78
3.4200000000000026,1.78,3.99,0.0,5.77,0.0,134.76,-1.78
3.4240000000000026,1.78,4.0,0.0,5.77,0.0,134.76,-1.78
3.4280000000000026,1.78,4.0,0.0,5.78,0.0,134.76,-1.78
3.4320000000000026,1.78,4.01,0.0,5.78,0.0,134.76,-1.78
3.4360000000000026,1.78,4.01,-0.08,5.71,0.0,134.76,-1.78
3.4400000000000026,1.78,4.02,0.0,5.79,0.0,134.76,-1.78
3.4440000000000026,1.78,4.02,0.0,5.8,0.0,134.76,-1.78
3.4480000000000026,1.78,4.03,0.0,5.8,0.0,134.76,-1.78
3.4520000000000026,1.78,4.03,0.0,5.81,0.0,134.76,-1.78
3.4560000000000026,1.78,4.04,0.08,5.89,0.0,134.76,-1.78
3.4600000000000026,1.78,4.04,0.1,5.92,0.0,134.76,-1.78
3.4640000000000026,1.78,4.05,0.0,5.83,0.0,134.76,-1.78
3.4680000000000026,1.78,4.05,0.0,5.83,0.0,134.76,-1.78
3.4720000000000026,1.78,4.06,0.11,5.94,0.0,134.76,-1.78
3.4760000000000026,1.78,4.07,0.0,5.84,0.0,134.76,-1.78
3.4800000000000026,1.78,4.07,0.0,5.85,0.0,134.76,-1.78
3.4840000000000027,1.78,4.08,0.0,5.85,0.0,134.76,-1.78
3.4880000000000027,1.78,4.08,0.0,5.86,0.0,134.76,-1.78
3.4920000000000027,1.78,4.09,-0.07,5.8,0.0,134.76,-1.78
3.4960000000000027,1.78,4.09,0.0,5.87,0.0,134.76,-1.78
3.5000000000000027,1.78,4.1,0.0,5.87,0.0,134.76,-1.78
3.5040000000000027,1.78,4.1,0.0,5.88,0.0,134.76,-1.78
3.5080000000000027,1.78,4.11,0.0,5.88,0.0,134.76,-1.78
3.5120000000000027,1.78,4.11,-0.08,5.81,0.0,134.76,-1.78
3.5160000000000027,1.78,4.12,0.0,5.89,0.0,134.76,-1.78
3.5200000000000027,1.77,4.12,-2.16,3.74,0.0,134.76,-1.77
3.5240000000000027,1.77,4.13,0.0,5.9,0.0,134.76,-1.77
3.5280000000000027,1.77,4.13,0.0,5.9,0.0,134.76,-1.77
3.5320000000000027,1.77,4.14,0.0,5.91,0.0,134.76,-1.77
3.5360000000000027,1.77,4.15,0.0,5.91,0.0,134.76,-1.77
3.5400000000000027,1.77,4.15,0.0,5.92,0.0,134.76,-1.77
3.5440000000000027,1.78,4.16,2.16,8.09,0.0,134.76,-1.78
3.5480000000000027,1.78,4.16,-0.1,5.84,0.0,134.76,-1.78
3.5520000000000027,1.78,4.17,0.0,5.94,0.0,134.76,-1.78
3.5560000000000027,1.78,4.17,0.0,5.95,0.0,134.76,-1.78
3.5600000000000027,1.78,4.18,0.0,5.95,0.0,134.76,-1.78
3.5640000000000027,1.77,4.18,-2.05,3.9,0.0,134.76,-1.77
3.5680000000000027,1.77,4.19,0.0,5.96,0.0,134.76,-1.77
3.5720000000000027,1.77,4.19,0.1,6.06,0.0,134.76,-1.77
3.5760000000000027,1.77,4.2,0.0,5.97,0.0,134.76,-1.77
3.5800000000000027,1.77,4.2,0.11,6.09,0.0,134.76,-1.77
3.5840000000000027,1.77,4.21,0.0,5.98,0.0,134.76,-1.77
3.5880000000000027,1.77,4.21,0.11,6.09,0.0,134.76,-1.77
3.5920000000000027,1.77,4.22,0.0,5.99,0.0,134.76,-1.77
3.5960000000000027,1.77,4.23,0.0,6.0,0.0,134.76,-1.77
3.6000000000000028,1.77,4.23,0.0,6.0,0.0,134.76,-1.77
3.6040000000000028,1.77,4.24,0.0,6.01,0.0,134.76,-1.77
3.6080000000000028,1.77,4.24,0.0,6.01,0.0,134.76,-1.77
3.6120000000000028,1.77,4.25,-0.11,5.91,0.0,134.76,-1.77
3.6160000000000028,1.77,4.25,0.0,6.02,0.0,134.76,-1.77
3.6200000000000028,1.77,4.26,0.0,6.03,0.0,134.76,-1.77
3.6240000000000028,1.77,4.26,0.0,6.03,0.0,134.76,-1.77
3.628000000000003,1.77,4.27,-0.07,5.97,0.0,134.76,-1.77
3.632000000000003,1.77,4.27,0.0,6.04,0.0,134.76,-1.77
3.636000000000003,1.77,4.28,0.0,6.05,0.0,134.76,-1.77
3.640000000000003,1.77,4.28,0.0,6.05,0.0,134.76,-1.77
3.644000000000003,1.77,4.29,0.0,6.06,0.0,134.76,-1.77
3.648000000000003,1.77,4.29,0.0,6.06,0.0,134.76,-1.77
3.652000000000003,1.77,4.3,0.0,6.07,0.0,134.76,-1.77
3.656000000000003,1.77,4.3,0.0,6.07,0.0,134.76,-1.77
3.660000000000003,1.77,4.31,0.0,6.08,0.0,134.76,-1.77
3.664000000000003,1.77,4.32,0.0,6.09,0.0,134.76,-1.77
3.668000000000003,1.77,4.32,0.0,6.09,0.0,134.76,-1.77
3.672000000000003,1.77,4.33,0.0,6.1,0.0,134.76,-1.77
3.676000000000003,1.77,4.33,0.0,6.1,0.0,134.76,-1.77
3.680000000000003,1.77,4.34,-0.11,6.0,0.0,134.76,-1.77
3.684000000000003,1.77,4.34,0.0,6.11,0.0,134.76,-1.77
3.688000000000003,1.77,4.35,0.0,6.12,0.0,134.76,-1.77
3.692000000000003,1.77,4.35,0.0,6.12,0.0,134.76,-1.77
3.696000000000003,1.77,4.36,0.0,6.13,0.0,134.76,-1.77
3.700000000000003,1.77,4.36,0.0,6.13,0.0,134.76,-1.77
3.704000000000003,1.77,4.37,-0.11,6.03,0.0,134.76,-1.77
3.708000000000003,1.77,4.37,0.0,6.14,0.0,134.76,-1.77
3.712000000000003,1.77,4.38,0.0,6.15,0.0,134.76,-1.77
3.716000000000003,1.77,4.38,0.0,6.15,0.0,134.76,-1.77
3.720000000000003,1.77,4.39,0.11,6.27,0.0,134.76,-1.77
3.724000000000003,1.77,4.39,0.0,6.16,0.0,134.76,-1.77
3.728000000000003,1.77,4.4,0.0,6.17,0.0,134.76,-1.77
3.732000000000003,1.77,4.41,0.0,6.17,0.0,134.76,-1.77
3.736000000000003,1.77,4.41,0.0,6.18,0.0,134.76,-1.77
3.740000000000003,1.77,4.42,0.0,6.19,0.0,134.76,-1.77
3.744000000000003,1.77,4.42,-0.07,6.12,0.0,134.76,-1.77
3.748000000000003,1.78,4.43,2.05,8.25,0.0,134.76,-1.78
3.752000000000003,1.78,4.43,0.0,6.21,0.0,134.76,-1.78
3.756000000000003,1.77,4.44,-2.16,4.05,0.0,134.76,-1.77
3.760000000000003,1.78,4.44,2.08,8.3,0.0,134.76,-1.78
3.764000000000003,1.78,4.45,0.08,6.3,0.0,134.76,-1.78
3.768000000000003,1.78,4.45,0.0,6.23,0.0,134.76,-1.78
3.772000000000003,1.77,4.46,-0.11,6.13,0.0,134.76,-1.77
3.776000000000003,1.77,4.46,0.0,6.24,0.0,134.76,-1.77
3.780000000000003,1.77,4.47,0.0,6.24,0.0,134.76,-1.77
3.784000000000003,1.77,4.47,0.0,6.25,0.0,134.76,-1.77
3.788000000000003,1.77,4.48,-2.16,4.09,0.0,134.77,-1.77
3.792000000000003,1.77,4.49,0.0,6.25,0.0,134.77,-1.77
3.796000000000003,1.77,4.49,0.11,6.37,0.0,134.76,-1.77
3.800000000000003,1.77,4.5,0.0,6.26,0.0,134.76,-1.77
3.804000000000003,1.77,4.5,0.0,6.27,0.0,134.76,-1.77
3.808000000000003,1.77,4.51,0.0,6.28,0.0,134.76,-1.77
3.812000000000003,1.78,4.51,2.16,8.44,0.0,134.76,-1.78
3.816000000000003,1.77,4.52,-2.09,4.2,0.0,134.76,-1.77
3.820000000000003,1.77,4.52,0.0,6.29,0.0,134.76,-1.77
3.824000000000003,1.77,4.53,-0.07,6.23,0.0,134.76,-1.77
3.828000000000003,1.77,4.53,0.07,6.37,0.0,134.76,-1.77
3.832000000000003,1.77,4.54,0.11,6.41,0.0,134.76,-1.77
3.836000000000003,1.77,4.54,0.0,6.31,0.0,134.76,-1.77
3.840000000000003,1.77,4.55,0.07,6.38,0.0,134.76,-1.77
3.844000000000003,1.77,4.55,0.0,6.32,0.0,134.76,-1.77
3.848000000000003,1.77,4.56,0.11,6.44,0.0,134.76,-1.77
3.852000000000003,1.77,4.57,0.07,6.41,0.0,134.76,-1.77
3.856000000000003,1.77,4.57,0.0,6.34,0.0,134.76,-1.77
3.860000000000003,1.77,4.58,0.0,6.35,0.0,134.76,-1.77
3.864000000000003,1.77,4.58,0.0,6.35,0.0,134.76,-1.77
3.868000000000003,1.77,4.59,0.0,6.36,0.0,134.76,-1.77
3.872000000000003,1.77,4.59,0.08,6.44,0.0,134.76,-1.77
3.876000000000003,1.77,4.6,-0.08,6.29,0.0,134.76,-1.77
3.880000000000003,1.77,4.6,0.0,6.37,0.0,134.76,-1.77
3.884000000000003,1.77,4.61,0.0,6.38,0.0,134.76,-1.77
3.888000000000003,1.77,4.61,0.0,6.38,0.0,134.76,-1.77
3.892000000000003,1.77,4.62,0.0,6.39,0.0,134.76,-1.77
3.896000000000003,1.77,4.62,0.0,6.39,0.0,134.76,-1.77
3.900000000000003,1.77,4.63,0.0,6.4,0.0,134.76,-1.77
3.904000000000003,1.77,4.63,0.17,6.58,0.0,134.76,-1.77
3.908000000000003,1.77,4.64,-0.17,6.24,0.0,134.76,-1.77
3.912000000000003,1.77,4.64,0.0,6.41,0.0,134.76,-1.77
3.916000000000003,1.77,4.65,0.0,6.42,0.0,134.76,-1.77
3.920000000000003,1.77,4.66,0.0,6.43,0.0,134.76,-1.77
3.924000000000003,1.77,4.66,0.0,6.43,0.0,134.76,-1.77
3.928000000000003,1.77,4.67,-0.07,6.36,0.0,134.76,-1.77
3.932000000000003,1.77,4.67,0.0,6.44,0.0,134.76,-1.77
3.936000000000003,1.77,4.68,0.0,6.45,0.0,134.76,-1.77
3.940000000000003,1.77,4.68,0.0,6.45,0.0,134.76,-1.77
3.944000000000003,1.77,4.69,0.0,6.46,0.0,134.76,-1.77
3.948000000000003,1.77,4.69,0.0,6.46,0.0,134.76,-1.77
3.952000000000003,1.77,4.7,0.0,6.47,0.0,134.76,-1.77
3.956000000000003,1.77,4.7,0.0,6.47,0.0,134.76,-1.77
3.960000000000003,1.77,4.71,0.0,6.48,0.0,134.76,-1.77
3.964000000000003,1.77,4.71,0.0,6.48,0.0,134.76,-1.77
3.968000000000003,1.77,4.72,0.0,6.49,0.0,134.76,-1.77
3.972000000000003,1.77,4.72,-0.11,6.38,0.0,134.76,-1.77
3.976000000000003,1.77,4.73,0.0,6.5,0.0,134.76,-1.77
3.980000000000003,1.76,4.73,-2.15,4.35,0.0,134.77,-1.76
3.984000000000003,1.76,4.74,0.0,6.5,0.0,134.77,-1.76
3.988000000000003,1.77,4.75,2.15,8.66,0.0,134.76,-1.77
3.992000000000003,1.77,4.75,0.08,6.6,0.0,134.76,-1.77
3.996000000000003,1.77,4.76,-0.08,6.45,0.0,134.76,-1.77
4.000000000000003,1.77,4.76,0.0,6.53,0.0,134.76,-1.77
4.004000000000002,1.77,4.77,0.0,6.54,0.0,134.76,-1.77
4.008000000000002,1.77,4.77,0.08,6.62,0.0,134.76,-1.77
4.012000000000001,1.77,4.78,0.0,6.55,0.0,134.76,-1.77
4.016000000000001,1.78,4.78,2.16,8.72,0.0,134.76,-1.78
4.0200000000000005,1.77,4.79,-2.16,4.4,0.0,134.76,-1.77
4.024,1.77,4.79,0.11,6.67,0.0,134.76,-1.77
4.028,1.77,4.8,0.0,6.57,0.0,134.76,-1.77
4.031999999999999,1.77,4.8,0.1,6.68,0.0,134.76,-1.77
4.035999999999999,1.77,4.81,0.11,6.69,0.0,134.76,-1.77
4.039999999999998,1.77,4.81,0.11,6.69,0.0,134.76,-1.77
4.043999999999998,1.77,4.82,0.0,6.59,0.0,134.76,-1.77
4.047999999999997,1.77,4.83,0.0,6.6,0.0,134.76,-1.77
4.051999999999997,1.77,4.83,0.11,6.71,0.0,134.76,-1.77
4.0559999999999965,1.76,4.84,-2.16,4.44,0.0,134.77,-1.76
4.059999999999996,1.76,4.84,0.0,6.61,0.0,134.77,-1.76
4.063999999999996,1.76,4.85,-1.97,4.63,0.0,134.77,-1.76
4.067999999999995,1.76,4.85,-0.11,6.5,0.0,134.77,-1.76
4.071999999999995,1.76,4.86,0.0,6.62,0.0,134.77,-1.76
4.075999999999994,1.76,4.86,-0.1,6.52,0.0,134.78,-1.76
4.079999999999994,1.76,4.87,2.16,8.79,0.0,134.77,-1.76
4.083999999999993,1.76,4.87,0.0,6.64,0.0,134.77,-1.76
4.087999999999993,1.76,4.88,-2.23,4.4,0.0,134.78,-1.76
4.0919999999999925,1.76,4.88,2.16,8.81,0.0,134.77,-1.76
4.095999999999992,1.76,4.89,0.0,6.65,0.0,134.77,-1.76
4.099999999999992,1.76,4.89,0.0,6.66,0.0,134.77,-1.76
4.103999999999991,1.76,4.9,-0.08,6.59,0.0,134.77,-1.76
4.107999999999991,1.76,4.9,0.0,6.67,0.0,134.77,-1.76
4.11199999999999,1.76,4.91,0.0,6.67,0.0,134.77,-1.76
4.11599999999999,1.76,4.92,0.0,6.68,0.0,134.77,-1.76
4.1199999999999894,1.76,4.92,-0.1,6.58,0.0,134.77,-1.76
4.123999999999989,1.76,4.93,0.0,6.69,0.0,134.77,-1.76
4.127999999999989,1.76,4.93,0.0,6.7,0.0,134.77,-1.76
4.131999999999988,1.76,4.94,0.03,6.73,0.0,134.77,-1.76
4.135999999999988,1.76,4.94,0.0,6.71,0.0,134.77,-1.76
4.139999999999987,1.76,4.95,0.0,6.71,0.0,134.77,-1.76
4.143999999999987,1.76,4.95,0.11,6.82,0.0,134.77,-1.76
4.147999999999986,1.76,4.96,0.0,6.72,0.0,134.77,-1.76
4.151999999999986,1.76,4.96,0.0,6.73,0.0,134.77,-1.76
4.1559999999999855,1.76,4.97,-0.07,6.66,0.0,134.77,-1.76
4.159999999999985,1.76,4.97,0.0,6.74,0.0,134.77,-1.76
4.163999999999985,1.76,4.98,0.0,6.74,0.0,134.77,-1.76
4.167999999999984,1.76,4.98,0.0,6.75,0.0,134.77,-1.76
4.171999999999984,1.76,4.99,0.0,6.75,0.0,134.77,-1.76
4.175999999999983,1.76,4.99,0.0,6.76,0.0,134.77,-1.76
4.179999999999983,1.76,5.0,0.0,6.76,0.0,134.77,-1.76
4.183999999999982,1.76,5.01,0.0,6.77,0.0,134.77,-1.76
4.187999999999982,1.76,5.01,-0.07,6.7,0.0,134.77,-1.76
4.1919999999999815,1.76,5.02,0.0,6.78,0.0,134.77,-1.76
4.195999999999981,1.77,5.02,2.09,8.88,0.0,134.76,-1.77
4.199999999999981,1.76,5.03,-2.16,4.63,0.0,134.77,-1.76
4.20399999999998,1.76,5.03,0.0,6.8,0.0,134.77,-1.76
4.20799999999998,1.77,5.04,2.26,9.07,0.0,134.76,-1.77
4.211999999999979,1.77,5.04,0.0,6.81,0.0,134.76,-1.77
4.215999999999979,1.77,5.05,-0.04,6.78,0.0,134.76,-1.77
0.004,3.22,7.48,0.07,10.77,0.0,133.31,-3.22
0.008,3.22,7.49,-0.11,10.61,0.0,133.31,-3.22
0.012,3.22,7.5,0.0,10.72,0.0,133.31,-3.22
0.016,3.22,7.51,0.0,10.73,0.0,133.31,-3.22
0.02,3.22,7.52,-0.07,10.67,0.0,133.31,-3.22
0.024,3.22,7.53,0.0,10.75,0.0,133.31,-3.22
0.028,3.22,7.54,-0.07,10.69,0.0,133.31,-3.22
0.032,3.22,7.55,0.0,10.77,0.0,133.31,-3.22
0.036000000000000004,3.22,7.56,-0.1,10.68,0.0,133.31,-3.22
0.04000000000000001,3.22,7.57,0.0,10.79,0.0,133.31,-3.22
0.04400000000000001,3.22,7.58,0.0,10.8,0.0,133.31,-3.22
0.048000000000000015,3.22,7.59,-0.11,10.7,0.0,133.31,-3.22
0.05200000000000002,3.22,7.6,-0.93,9.89,0.0,133.31,-3.22
0.05600000000000002,3.22,7.61,0.0,10.82,0.0,133.31,-3.22
0.060000000000000026,3.22,7.61,0.07,10.9,0.0,133.31,-3.22
0.06400000000000003,3.22,7.62,0.0,10.84,0.0,133.31,-3.22
0.06800000000000003,3.22,7.63,0.0,10.85,0.0,133.31,-3.22
0.07200000000000004,3.22,7.64,1.0,11.87,0.0,133.31,-3.22
0.07600000000000004,3.22,7.65,-1.0,9.87,0.0,133.31,-3.22
0.08000000000000004,3.22,7.66,1.0,11.89,0.0,133.31,-3.22
0.08400000000000005,3.22,7.67,-1.0,9.89,0.0,133.31,-3.22
0.08800000000000005,3.22,7.68,0.94,11.84,0.0,133.31,-3.22
0.09200000000000005,3.22,7.69,0.0,10.91,0.0,133.31,-3.22
0.09600000000000006,3.22,7.7,0.07,10.99,0.0,133.31,-3.22
0.10000000000000006,3.22,7.71,0.11,11.04,0.0,133.31,-3.22
0.10400000000000006,3.22,7.72,0.07,11.02,0.0,133.31,-3.22
0.10800000000000007,3.22,7.73,-0.11,10.84,0.0,133.31,-3.22
0.11200000000000007,3.22,7.74,0.0,10.96,0.0,133.31,-3.22
0.11600000000000008,3.22,7.75,-0.07,10.91,0.0,133.31,-3.22
0.12000000000000008,3.22,7.76,0.0,10.98,0.0,133.31,-3.22
0.12400000000000008,3.22,7.77,0.0,10.99,0.0,133.31,-3.22
0.12800000000000009,3.22,7.78,0.0,11.0,0.0,133.31,-3.22
0.1320000000000001,3.22,7.79,-0.07,10.94,0.0,133.31,-3.22
0.1360000000000001,3.22,7.8,0.0,11.02,0.0,133.31,-3.22
0.1400000000000001,3.22,7.81,0.0,11.03,0.0,133.31,-3.22
0.1440000000000001,3.22,7.82,0.0,11.04,0.0,133.31,-3.22
0.1480000000000001,3.22,7.83,0.0,11.05,0.0,133.31,-3.22
0.1520000000000001,3.22,7.84,-0.08,10.98,0.0,133.31,-3.22
0.1560000000000001,3.22,7.85,-0.1,10.97,0.0,133.31,-3.22
0.16000000000000011,3.22,7.86,0.0,11.08,0.0,133.31,-3.22
0.16400000000000012,3.22,7.87,0.0,11.09,0.0,133.31,-3.22
0.16800000000000012,3.22,7.88,0.0,11.1,0.0,133.31,-3.22
0.17200000000000013,3.22,7.89,0.0,11.11,0.0,133.31,-3.22
0.17600000000000013,3.22,7.9,-0.07,11.05,0.0,133.31,-3.22
0.18000000000000013,3.22,7.9,0.0,11.13,0.0,133.31,-3.22
0.18400000000000014,3.22,7.91,0.0,11.14,0.0,133.31,-3.22
0.18800000000000014,3.22,7.92,0.0,11.15,0.0,133.31,-3.22
0.19200000000000014,3.22,7.93,0.0,11.16,0.0,133.31,-3.22
0.19600000000000015,3.22,7.94,0.0,11.16,0.0,133.31,-3.22
0.20000000000000015,3.22,7.95,0.0,11.17,0.0,133.31,-3.22
0.20400000000000015,3.22,7.96,0.0,11.18,0.0,133.31,-3.22
0.20800000000000016,3.22,7.97,0.0,11.19,0.0,133.31,-3.22
0.21200000000000016,3.22,7.98,0.0,11.2,0.0,133.31,-3.22
0.21600000000000016,3.22,7.99,0.0,11.21,0.0,133.31,-3.22
0.22000000000000017,3.22,8.0,0.0,11.22,0.0,133.31,-3.22
0.22400000000000017,3.22,8.01,-0.07,11.16,0.0,133.31,-3.22
0.22800000000000017,3.22,8.02,0.0,11.24,0.0,133.31,-3.22
0.23200000000000018,3.22,8.03,0.07,11.32,0.0,133.31,-3.22
0.23600000000000018,3.22,8.04,0.0,11.26,0.0,133.31,-3.22
0.24000000000000019,3.22,8.05,0.0,11.27,0.0,133.31,-3.22
0.2440000000000002,3.22,8.06,0.0,11.28,0.0,133.31,-3.22
0.2480000000000002,3.22,8.07,0.0,11.29,0.0,133.31,-3.22
0.25200000000000017,3.22,8.08,0.0,11.3,0.0,133.31,-3.22
0.25600000000000017,3.22,8.09,0.0,11.31,0.0,133.31,-3.22
0.2600000000000002,3.22,8.1,0.0,11.32,0.0,133.31,-3.22
0.2640000000000002,3.22,8.11,0.0,11.33,0.0,133.31,-3.22
0.2680000000000002,3.22,8.12,0.0,11.34,0.0,133.31,-3.22
0.2720000000000002,3.22,8.13,0.0,11.35,0.0,133.31,-3.22
0.2760000000000002,3.22,8.14,0.0,11.36,0.0,133.31,-3.22
0.2800000000000002,3.22,8.15,0.0,11.37,0.0,133.31,-3.22
0.2840000000000002,3.22,8.16,0.0,11.38,0.0,133.31,-3.22
0.2880000000000002,3.22,8.17,0.07,11.46,0.0,133.31,-3.22
0.2920000000000002,3.22,8.18,0.0,11.4,0.0,133.31,-3.22
0.2960000000000002,3.22,8.18,0.0,11.41,0.0,133.31,-3.22
0.3000000000000002,3.22,8.19,0.0,11.42,0.0,133.31,-3.22
0.3040000000000002,3.22,8.2,0.0,11.43,0.0,133.31,-3.22
0.3080000000000002,3.22,8.21,0.0,11.44,0.0,133.31,-3.22
0.3120000000000002,3.22,8.22,0.0,11.45,0.0,133.31,-3.22
0.3160000000000002,3.22,8.23,0.0,11.46,0.0,133.31,-3.22
0.32000000000000023,3.22,8.24,0.0,11.46,0.0,133.31,-3.22
0.32400000000000023,3.22,8.25,0.0,11.47,0.0,133.31,-3.22
0.32800000000000024,3.22,8.26,-0.07,11.41,0.0,133.31,-3.22
0.33200000000000024,3.22,8.27,0.0,11.49,0.0,133.31,-3.22
0.33600000000000024,3.22,8.28,0.07,11.57,0.0,133.31,-3.22
0.34000000000000025,3.22,8.29,0.0,11.51,0.0,133.31,-3.22
0.34400000000000025,3.22,8.3,0.1,11.62,0.0,133.31,-3.22
0.34800000000000025,3.22,8.31,0.0,11.53,0.0,133.31,-3.22
0.35200000000000026,3.22,8.32,-0.93,10.61,0.0,133.31,-3.22
0.35600000000000026,3.22,8.33,0.07,11.62,0.0,133.31,-3.22
0.36000000000000026,3.22,8.34,0.94,12.5,0.0,133.31,-3.22
0.36400000000000027,3.22,8.35,0.0,11.57,0.0,133.31,-3.22
0.36800000000000027,3.22,8.36,0.0,11.58,0.0,133.31,-3.22
0.3720000000000003,3.22,8.37,0.0,11.59,0.0,133.31,-3.22
0.3760000000000003,3.23,8.38,2.14,13.74,0.0,133.3,-3.23
0.3800000000000003,3.23,8.39,0.0,11.62,0.0,133.3,-3.23
0.3840000000000003,3.23,8.4,0.0,11.63,0.0,133.3,-3.23
0.3880000000000003,3.23,8.41,0.08,11.71,0.0,133.3,-3.23
0.3920000000000003,3.23,8.42,0.0,11.65,0.0,133.3,-3.23
0.3960000000000003,3.23,8.43,0.0,11.66,0.0,133.3,-3.23
0.4000000000000003,3.24,8.44,2.14,13.81,0.0,133.3,-3.24
0.4040000000000003,3.24,8.45,0.0,11.68,0.0,133.3,-3.24
0.4080000000000003,3.24,8.46,-0.06,11.63,0.0,133.3,-3.24
0.4120000000000003,3.23,8.47,-2.22,9.48,0.0,133.3,-3.23
0.4160000000000003,3.23,8.48,0.0,11.7,0.0,133.3,-3.23
0.4200000000000003,3.23,8.48,-0.07,11.64,0.0,133.31,-3.23
0.4240000000000003,3.23,8.49,0.0,11.72,0.0,133.31,-3.23
0.4280000000000003,3.23,8.5,-0.11,11.63,0.0,133.31,-3.23
0.43200000000000033,3.23,8.51,-0.07,11.68,0.0,133.31,-3.23
0.43600000000000033,3.23,8.52,0.0,11.75,0.0,133.31,-3.23
0.44000000000000034,3.23,8.53,0.0,11.76,0.0,133.31,-3.23
0.44400000000000034,3.23,8.54,2.14,13.92,0.0,133.3,-3.23
0.44800000000000034,3.23,8.55,-0.1,11.68,0.0,133.3,-3.23
0.45200000000000035,3.23,8.56,0.0,11.8,0.0,133.3,-3.23
0.45600000000000035,3.23,8.57,0.0,11.81,0.0,133.3,-3.23
0.46000000000000035,3.23,8.58,0.0,11.82,0.0,133.3,-3.23
0.46400000000000036,3.23,8.59,0.0,11.83,0.0,133.3,-3.23
0.46800000000000036,3.23,8.6,0.0,11.84,0.0,133.3,-3.23
0.47200000000000036,3.23,8.61,0.1,11.95,0.0,133.3,-3.23
0.47600000000000037,3.23,8.62,0.0,11.85,0.0,133.3,-3.23
0.48000000000000037,3.23,8.63,0.07,11.94,0.0,133.3,-3.23
0.4840000000000004,3.23,8.64,0.0,11.87,0.0,133.3,-3.23
0.4880000000000004,3.23,8.65,0.0,11.88,0.0,133.3,-3.23
0.4920000000000004,3.23,8.66,0.0,11.89,0.0,133.3,-3.23
0.4960000000000004,3.23,8.67,0.07,11.97,0.0,133.3,-3.23
0.5000000000000003,3.24,8.68,0.11,12.03,0.0,133.3,-3.24
0.5040000000000003,3.24,8.69,0.0,11.92,0.0,133.3,-3.24
0.5080000000000003,3.24,8.7,0.0,11.93,0.0,133.3,-3.24
0.5120000000000003,3.24,8.71,0.0,11.94,0.0,133.3,-3.24
0.5160000000000003,3.24,8.72,0.07,12.02,0.0,133.3,-3.24
0.5200000000000004,3.24,8.73,0.0,11.96,0.0,133.3,-3.24
0.5240000000000004,3.24,8.74,0.0,11.97,0.0,133.3,-3.24
0.5280000000000004,3.24,8.75,0.0,11.98,0.0,133.3,-3.24
0.5320000000000004,3.24,8.76,0.0,11.99,0.0,133.3,-3.24
0.5360000000000004,3.24,8.77,0.0,12.0,0.0,133.3,-3.24
0.5400000000000004,3.24,8.78,0.0,12.01,0.0,133.3,-3.24
0.5440000000000004,3.24,8.79,0.0,12.02,0.0,133.3,-3.24
0.5480000000000004,3.24,8.8,0.1,12.13,0.0,133.3,-3.24
0.5520000000000004,3.24,8.81,0.0,12.04,0.0,133.3,-3.24
0.5560000000000004,3.24,8.81,0.07,12.12,0.0,133.3,-3.24
0.5600000000000004,3.24,8.82,0.0,12.06,0.0,133.3,-3.24
0.5640000000000004,3.24,8.83,0.0,12.07,0.0,133.3,-3.24
0.5680000000000004,3.24,8.84,0.0,12.08,0.0,133.3,-3.24
0.5720000000000004,3.24,8.85,0.0,12.09,0.0,133.3,-3.24
0.5760000000000004,3.24,8.86,0.0,12.1,0.0,133.3,-3.24
0.5800000000000004,3.24,8.87,0.0,12.11,0.0,133.3,-3.24
0.5840000000000004,3.24,8.88,0.0,12.12,0.0,133.3,-3.24
0.5880000000000004,3.24,8.89,0.0,12.13,0.0,133.3,-3.24
0.5920000000000004,3.24,8.9,0.0,12.14,0.0,133.3,-3.24
0.5960000000000004,3.24,8.91,0.07,12.22,0.0,133.3,-3.24
0.6000000000000004,3.24,8.92,0.0,12.16,0.0,133.3,-3.24
0.6040000000000004,3.24,8.93,-0.07,12.1,0.0,133.3,-3.24
0.6080000000000004,3.24,8.94,0.0,12.18,0.0,133.3,-3.24
0.6120000000000004,3.24,8.95,0.0,12.19,0.0,133.3,-3.24
0.6160000000000004,3.24,8.96,-0.11,12.08,0.0,133.3,-3.24
0.6200000000000004,3.24,8.97,-0.06,12.14,0.0,133.3,-3.24
0.6240000000000004,3.24,8.98,0.0,12.22,0.0,133.3,-3.24
0.6280000000000004,3.24,8.99,0.0,12.22,0.0,133.3,-3.24
0.6320000000000005,3.24,9.0,0.0,12.23,0.0,133.3,-3.24
0.6360000000000005,3.24,9.01,0.0,12.24,0.0,133.3,-3.24
0.6400000000000005,3.24,9.02,0.0,12.25,0.0,133.3,-3.24
0.6440000000000005,3.24,9.03,0.06,12.32,0.0,133.3,-3.24
0.6480000000000005,3.24,9.04,-0.06,12.21,0.0,133.3,-3.24
0.6520000000000005,3.24,9.05,0.0,12.28,0.0,133.3,-3.24
0.6560000000000005,3.24,9.06,0.0,12.29,0.0,133.3,-3.24
0.6600000000000005,3.24,9.07,0.0,12.3,0.0,133.3,-3.24
0.6640000000000005,3.24,9.08,0.0,12.31,0.0,133.3,-3.24
0.6680000000000005,3.24,9.09,-0.07,12.25,0.0,133.3,-3.24
0.6720000000000005,3.24,9.1,0.0,12.33,0.0,133.3,-3.24
0.6760000000000005,3.24,9.11,0.0,12.34,0.0,133.3,-3.24
0.6800000000000005,3.24,9.12,0.0,12.35,0.0,133.3,-3.24
0.6840000000000005,3.24,9.13,0.0,12.36,0.0,133.3,-3.24
0.6880000000000005,3.24,9.14,0.0,12.37,0.0,133.3,-3.24
0.6920000000000005,3.24,9.14,0.0,12.38,0.0,133.3,-3.24
0.6960000000000005,3.23,9.15,-0.07,12.32,0.0,133.3,-3.23
0.7000000000000005,3.23,9.16,0.0,12.4,0.0,133.3,-3.23
0.7040000000000005,3.23,9.17,0.0,12.41,0.0,133.3,-3.23
0.7080000000000005,3.23,9.18,0.0,12.42,0.0,133.3,-3.23
0.7120000000000005,3.23,9.19,0.0,12.43,0.0,133.3,-3.23
0.7160000000000005,3.23,9.2,-0.11,12.33,0.0,133.3,-3.23
0.7200000000000005,3.23,9.21,0.0,12.45,0.0,133.3,-3.23
0.7240000000000005,3.23,9.22,0.0,12.46,0.0,133.3,-3.23
0.7280000000000005,3.23,9.23,0.0,12.47,0.0,133.3,-3.23
0.7320000000000005,3.23,9.24,0.0,12.48,0.0,133.3,-3.23
0.7360000000000005,3.23,9.25,0.0,12.49,0.0,133.3,-3.23
0.7400000000000005,3.23,9.26,0.0,12.5,0.0,133.3,-3.23
0.7440000000000005,3.23,9.27,-0.07,12.43,0.0,133.3,-3.23
0.7480000000000006,3.23,9.28,0.0,12.51,0.0,133.3,-3.23
0.7520000000000006,3.23,9.29,0.0,12.52,0.0,133.3,-3.23
0.7560000000000006,3.23,9.3,0.0,12.53,0.0,133.3,-3.23
0.7600000000000006,3.23,9.31,0.0,12.54,0.0,133.3,-3.23
0.7640000000000006,3.23,9.32,0.0,12.55,0.0,133.3,-3.23
0.7680000000000006,3.23,9.33,0.0,12.56,0.0,133.3,-3.23
0.7720000000000006,3.23,9.34,0.07,12.64,0.0,133.3,-3.23
0.7760000000000006,3.23,9.35,0.0,12.58,0.0,133.3,-3.23
0.7800000000000006,3.23,9.36,0.11,12.7,0.0,133.3,-3.23
0.7840000000000006,3.23,9.37,0.0,12.6,0.0,133.3,-3.23
0.7880000000000006,3.24,9.38,0.07,12.68,0.0,133.3,-3.24
0.7920000000000006,3.24,9.39,0.0,12.62,0.0,133.3,-3.24
0.7960000000000006,3.24,9.4,0.0,12.63,0.0,133.3,-3.24
0.8000000000000006,3.24,9.41,0.0,12.64,0.0,133.3,-3.24
0.8040000000000006,3.24,9.42,0.07,12.72,0.0,133.3,-3.24
0.8080000000000006,3.24,9.43,0.0,12.66,0.0,133.3,-3.24
0.8120000000000006,3.24,9.44,0.0,12.67,0.0,133.3,-3.24
0.8160000000000006,3.24,9.45,0.0,12.68,0.0,133.3,-3.24
0.8200000000000006,3.24,9.46,0.0,12.69,0.0,133.3,-3.24
0.8240000000000006,3.24,9.47,0.0,12.7,0.0,133.3,-3.24
0.8280000000000006,3.24,9.47,-0.07,12.64,0.0,133.3,-3.24
0.8320000000000006,3.24,9.48,0.0,12.72,0.0,133.3,-3.24
0.8360000000000006,3.24,9.49,0.0,12.73,0.0,133.3,-3.24
0.8400000000000006,3.24,9.5,0.0,12.74,0.0,133.3,-3.24
0.8440000000000006,3.24,9.51,0.0,12.75,0.0,133.3,-3.24
0.8480000000000006,3.24,9.52,0.0,12.76,0.0,133.3,-3.24
0.8520000000000006,3.23,9.53,-0.07,12.7,0.0,133.3,-3.23
0.8560000000000006,3.24,9.54,0.07,12.85,0.0,133.3,-3.24
0.8600000000000007,3.24,9.55,0.0,12.79,0.0,133.3,-3.24
0.8640000000000007,3.24,9.56,0.0,12.8,0.0,133.3,-3.24
0.8680000000000007,3.24,9.57,0.0,12.81,0.0,133.3,-3.24
0.8720000000000007,3.24,9.58,0.07,12.89,0.0,133.3,-3.24
0.8760000000000007,3.24,9.59,0.0,12.83,0.0,133.3,-3.24
0.8800000000000007,3.24,9.6,0.0,12.84,0.0,133.3,-3.24
0.8840000000000007,3.24,9.61,0.0,12.85,0.0,133.3,-3.24
0.8880000000000007,3.24,9.62,0.0,12.86,0.0,133.3,-3.24
0.8920000000000007,3.24,9.63,0.0,12.87,0.0,133.3,-3.24
0.8960000000000007,3.24,9.64,0.0,12.87,0.0,133.3,-3.24
0.9000000000000007,3.24,9.65,0.0,12.88,0.0,133.3,-3.24
0.9040000000000007,3.24,9.66,0.0,12.89,0.0,133.3,-3.24
0.9080000000000007,3.24,9.67,-0.07,12.83,0.0,133.3,-3.24
0.9120000000000007,3.24,9.68,0.0,12.91,0.0,133.3,-3.24
0.9160000000000007,3.24,9.69,0.0,12.92,0.0,133.3,-3.24
0.9200000000000007,3.24,9.7,0.0,12.93,0.0,133.3,-3.24
0.9240000000000007,3.23,9.71,-0.11,12.83,0.0,133.3,-3.23
0.9280000000000007,3.23,9.72,0.0,12.95,0.0,133.3,-3.23
0.9320000000000007,3.23,9.73,-0.07,12.9,0.0,133.3,-3.23
0.9360000000000007,3.23,9.74,0.0,12.97,0.0,133.3,-3.23
0.9400000000000007,3.23,9.75,0.0,12.98,0.0,133.3,-3.23
0.9440000000000007,3.23,9.76,0.0,12.99,0.0,133.3,-3.23
0.9480000000000007,3.23,9.77,0.0,13.0,0.0,133.3,-3.23
0.9520000000000007,3.23,9.78,0.0,13.01,0.0,133.3,-3.23
0.9560000000000007,3.23,9.79,0.07,13.09,0.0,133.3,-3.23
0.9600000000000007,3.23,9.79,0.0,13.03,0.0,133.3,-3.23
0.9640000000000007,3.23,9.8,0.0,13.04,0.0,133.3,-3.23
0.9680000000000007,3.23,9.81,0.0,13.05,0.0,133.3,-3.23
0.9720000000000008,3.24,9.82,0.11,13.17,0.0,133.3,-3.24
0.9760000000000008,3.24,9.83,0.07,13.14,0.0,133.3,-3.24
0.9800000000000008,3.24,9.84,0.0,13.08,0.0,133.3,-3.24
0.9840000000000008,3.24,9.85,0.0,13.09,0.0,133.3,-3.24
0.9880000000000008,3.24,9.86,0.0,13.1,0.0,133.3,-3.24
0.9920000000000008,3.24,9.87,0.0,13.11,0.0,133.3,-3.24
0.9960000000000008,3.24,9.88,0.0,13.12,0.0,133.3,-3.24
1.0000000000000007,3.24,9.89,0.06,13.19,0.0,133.3,-3.24
1.0040000000000007,3.24,9.9,0.0,13.14,0.0,133.3,-3.24
1.0080000000000007,3.24,9.91,-0.06,13.09,0.0,133.3,-3.24
1.0120000000000007,3.24,9.92,0.0,13.16,0.0,133.3,-3.24
1.0160000000000007,3.24,9.93,0.0,13.17,0.0,133.3,-3.24
1.0200000000000007,3.24,9.94,0.0,13.18,0.0,133.3,-3.24
1.0240000000000007,3.24,9.95,0.0,13.19,0.0,133.3,-3.24
1.0280000000000007,3.24,9.96,0.0,13.2,0.0,133.3,-3.24
1.0320000000000007,3.23,9.97,-0.11,13.09,0.0,133.3,-3.23
1.0360000000000007,3.23,9.98,0.0,13.21,0.0,133.3,-3.23
1.0400000000000007,3.23,9.99,-0.07,13.15,0.0,133.3,-3.23
1.0440000000000007,3.23,10.0,0.0,13.23,0.0,133.3,-3.23
1.0480000000000007,3.23,10.01,0.0,13.24,0.0,133.3,-3.23
1.0520000000000007,3.23,10.02,0.0,13.25,0.0,133.3,-3.23
1.0560000000000007,3.23,10.03,0.0,13.26,0.0,133.3,-3.23
1.0600000000000007,3.23,10.04,0.0,13.27,0.0,133.3,-3.23
1.0640000000000007,3.23,10.05,-0.07,13.22,0.0,133.3,-3.23
1.0680000000000007,3.23,10.06,0.07,13.36,0.0,133.3,-3.23
1.0720000000000007,3.23,10.07,0.0,13.3,0.0,133.3,-3.23
1.0760000000000007,3.23,10.08,0.0,13.31,0.0,133.3,-3.23
1.0800000000000007,3.23,10.09,0.0,13.32,0.0,133.3,-3.23
1.0840000000000007,3.23,10.1,0.0,13.33,0.0,133.3,-3.23
1.0880000000000007,3.23,10.11,0.0,13.34,0.0,133.3,-3.23
1.0920000000000007,3.23,10.12,0.0,13.35,0.0,133.3,-3.23
1.0960000000000008,3.23,10.12,-0.07,13.29,0.0,133.3,-3.23
1.1000000000000008,3.23,10.13,0.0,13.37,0.0,133.3,-3.23
1.1040000000000008,3.23,10.14,0.07,13.45,0.0,133.3,-3.23
1.1080000000000008,3.23,10.15,0.0,13.39,0.0,133.3,-3.23
1.1120000000000008,3.23,10.16,0.0,13.4,0.0,133.3,-3.23
1.1160000000000008,3.23,10.17,0.0,13.41,0.0,133.3,-3.23
1.1200000000000008,3.23,10.18,-0.07,13.35,0.0,133.3,-3.23
1.1240000000000008,3.23,10.19,0.0,13.43,0.0,133.3,-3.23
1.1280000000000008,3.23,10.2,0.0,13.44,0.0,133.3,-3.23
1.1320000000000008,3.23,10.21,0.0,13.45,0.0,133.3,-3.23
1.1360000000000008,3.23,10.22,0.0,13.46,0.0,133.3,-3.23
1.1400000000000008,3.23,10.23,0.0,13.47,0.0,133.3,-3.23
1.1440000000000008,3.23,10.24,0.0,13.48,0.0,133.3,-3.23
1.1480000000000008,3.23,10.25,0.0,13.49,0.0,133.3,-3.23
1.1520000000000008,3.23,10.26,0.0,13.5,0.0,133.3,-3.23
1.1560000000000008,3.23,10.27,0.0,13.5,0.0,133.3,-3.23
1.1600000000000008,3.23,10.28,0.0,13.51,0.0,133.3,-3.23
1.1640000000000008,3.23,10.29,-0.07,13.45,0.0,133.3,-3.23
1.1680000000000008,3.23,10.3,0.07,13.61,0.0,133.3,-3.23
1.1720000000000008,3.23,10.31,0.0,13.54,0.0,133.3,-3.23
1.1760000000000008,3.23,10.32,0.0,13.55,0.0,133.3,-3.23
1.1800000000000008,3.23,10.33,0.07,13.63,0.0,133.3,-3.23
1.1840000000000008,3.23,10.34,0.0,13.57,0.0,133.3,-3.23
1.1880000000000008,3.23,10.35,0.0,13.58,0.0,133.3,-3.23
1.1920000000000008,3.23,10.36,0.0,13.59,0.0,133.3,-3.23
1.1960000000000008,3.23,10.37,-0.07,13.54,0.0,133.3,-3.23
1.2000000000000008,3.23,10.38,0.0,13.61,0.0,133.3,-3.23
1.2040000000000008,3.23,10.39,0.0,13.62,0.0,133.3,-3.23
1.2080000000000009,3.23,10.4,0.0,13.63,0.0,133.3,-3.23
1.2120000000000009,3.23,10.41,0.0,13.64,0.0,133.3,-3.23
1.2160000000000009,3.23,10.42,0.0,13.65,0.0,133.3,-3.23
1.2200000000000009,3.23,10.43,0.0,13.66,0.0,133.3,-3.23
1.2240000000000009,3.23,10.44,0.0,13.67,0.0,133.3,-3.23
1.2280000000000009,3.23,10.45,0.0,13.68,0.0,133.3,-3.23
1.2320000000000009,3.23,10.45,0.0,13.69,0.0,133.3,-3.23
1.2360000000000009,3.23,10.46,-0.17,13.53,0.0,133.3,-3.23
1.2400000000000009,3.23,10.47,0.0,13.71,0.0,133.3,-3.23
1.2440000000000009,3.23,10.48,0.0,13.72,0.0,133.3,-3.23
1.2480000000000009,3.23,10.49,0.0,13.73,0.0,133.3,-3.23
1.252000000000001,3.23,10.5,0.0,13.74,0.0,133.3,-3.23
1.256000000000001,3.23,10.51,0.0,13.75,0.0,133.3,-3.23
1.260000000000001,3.23,10.52,0.0,13.76,0.0,133.3,-3.23
1.264000000000001,3.23,10.53,0.0,13.77,0.0,133.3,-3.23
1.268000000000001,3.23,10.54,-0.08,13.7,0.0,133.3,-3.23
1.272000000000001,3.24,10.55,3.15,16.94,0.0,133.29,-3.24
1.276000000000001,3.24,10.56,0.0,13.8,0.0,133.29,-3.24
1.280000000000001,3.24,10.57,0.11,13.92,0.0,133.29,-3.24
1.284000000000001,3.24,10.58,0.07,13.89,0.0,133.29,-3.24
1.288000000000001,3.24,10.59,0.11,13.94,0.0,133.29,-3.24
1.292000000000001,3.24,10.6,-0.11,13.74,0.0,133.29,-3.24
1.296000000000001,3.24,10.61,0.11,13.96,0.0,133.29,-3.24
1.300000000000001,3.24,10.62,-0.11,13.76,0.0,133.29,-3.24
1.304000000000001,3.24,10.63,0.11,13.98,0.0,133.29,-3.24
1.308000000000001,3.24,10.64,0.0,13.88,0.0,133.29,-3.24
1.312000000000001,3.24,10.65,0.0,13.89,0.0,133.29,-3.24
1.316000000000001,3.24,10.66,0.08,13.98,0.0,133.29,-3.24
1.320000000000001,3.24,10.67,0.1,14.01,0.0,133.29,-3.24
1.324000000000001,3.24,10.68,0.0,13.92,0.0,133.29,-3.24
1.328000000000001,3.24,10.69,-0.07,13.87,0.0,133.29,-3.24
1.332000000000001,3.24,10.7,0.11,14.05,0.0,133.29,-3.24
1.336000000000001,3.24,10.71,0.0,13.95,0.0,133.29,-3.24
1.340000000000001,3.24,10.72,-2.04,11.92,0.0,133.3,-3.24
1.344000000000001,3.24,10.73,-0.04,13.93,0.0,133.3,-3.24
1.348000000000001,3.24,10.74,0.11,14.09,0.0,133.29,-3.24
1.352000000000001,3.24,10.75,2.07,16.06,0.0,133.29,-3.24
1.356000000000001,3.25,10.76,0.07,14.07,0.0,133.29,-3.25
1.360000000000001,3.24,10.77,-2.14,11.87,0.0,133.29,-3.24
1.364000000000001,3.24,10.78,0.1,14.12,0.0,133.29,-3.24
1.368000000000001,3.24,10.79,-0.1,13.92,0.0,133.29,-3.24
1.372000000000001,3.25,10.8,2.14,16.18,0.0,133.29,-3.25
1.376000000000001,3.25,10.8,0.0,14.05,0.0,133.29,-3.25
1.380000000000001,3.25,10.81,0.0,14.06,0.0,133.29,-3.25
1.384000000000001,3.25,10.82,0.0,14.07,0.0,133.29,-3.25
1.388000000000001,3.24,10.83,-0.1,13.98,0.0,133.29,-3.24
1.392000000000001,3.24,10.84,0.0,14.09,0.0,133.29,-3.24
1.396000000000001,3.24,10.85,0.0,14.1,0.0,133.29,-3.24
1.400000000000001,3.24,10.86,-0.18,13.93,0.0,133.29,-3.24
1.404000000000001,3.24,10.87,0.0,14.12,0.0,133.29,-3.24
1.408000000000001,3.24,10.88,0.0,14.13,0.0,133.29,-3.24
1.412000000000001,3.24,10.89,0.0,14.14,0.0,133.29,-3.24
1.416000000000001,3.24,10.9,0.0,14.15,0.0,133.29,-3.24
1.420000000000001,3.24,10.91,-0.11,14.05,0.0,133.29,-3.24
1.424000000000001,3.24,10.92,0.0,14.17,0.0,133.29,-3.24
1.428000000000001,3.24,10.93,0.0,14.18,0.0,133.29,-3.24
1.432000000000001,3.24,10.94,-0.07,14.12,0.0,133.29,-3.24
1.436000000000001,3.25,10.95,2.14,16.34,0.0,133.28,-3.25
1.440000000000001,3.24,10.96,-2.14,12.06,0.0,133.29,-3.24
1.444000000000001,3.25,10.97,2.21,16.43,0.0,133.28,-3.25
1.448000000000001,3.25,10.98,0.0,14.23,0.0,133.28,-3.25
1.452000000000001,3.25,10.99,-0.07,14.17,0.0,133.28,-3.25
1.456000000000001,3.25,11.0,0.0,14.25,0.0,133.28,-3.25
1.460000000000001,3.25,11.01,0.07,14.33,0.0,133.28,-3.25
1.464000000000001,3.25,11.02,0.0,14.27,0.0,133.28,-3.25
1.468000000000001,3.25,11.03,-0.1,14.18,0.0,133.28,-3.25
1.472000000000001,3.25,11.04,0.1,14.39,0.0,133.28,-3.25
1.476000000000001,3.25,11.05,-0.03,14.27,0.0,133.28,-3.25
1.480000000000001,3.25,11.06,0.1,14.41,0.0,133.28,-3.25
1.484000000000001,3.25,11.07,0.0,14.32,0.0,133.28,-3.25
1.488000000000001,3.25,11.08,0.0,14.33,0.0,133.28,-3.25
1.492000000000001,3.24,11.09,-2.08,12.26,0.0,133.29,-3.24
1.496000000000001,3.24,11.1,0.0,14.34,0.0,133.29,-3.24
1.500000000000001,3.24,11.11,0.08,14.43,0.0,133.29,-3.24
1.5040000000000011,3.24,11.12,-0.08,14.28,0.0,133.29,-3.24
1.5080000000000011,3.25,11.13,2.15,16.53,0.0,133.28,-3.25
1.5120000000000011,3.25,11.14,-0.08,14.31,0.0,133.28,-3.25
1.5160000000000011,3.25,11.15,0.0,14.4,0.0,133.28,-3.25
1.5200000000000011,3.25,11.16,0.0,14.41,0.0,133.28,-3.25
1.5240000000000011,3.25,11.17,0.08,14.49,0.0,133.28,-3.25
1.5280000000000011,3.25,11.18,-0.08,14.35,0.0,133.28,-3.25
1.5320000000000011,3.25,11.18,0.0,14.44,0.0,133.28,-3.25
1.5360000000000011,3.25,11.19,0.0,14.45,0.0,133.28,-3.25
1.5400000000000011,3.25,11.2,0.0,14.45,0.0,133.28,-3.25
1.5440000000000011,3.25,11.21,0.0,14.46,0.0,133.28,-3.25
1.5480000000000012,3.25,11.22,0.0,14.47,0.0,133.28,-3.25
1.5520000000000012,3.25,11.23,0.0,14.48,0.0,133.28,-3.25
1.5560000000000012,3.25,11.24,0.0,14.49,0.0,133.28,-3.25
1.5600000000000012,3.25,11.25,0.0,14.5,0.0,133.28,-3.25
1.5640000000000012,3.25,11.26,0.08,14.59,0.0,133.28,-3.25
1.5680000000000012,3.25,11.27,0.0,14.52,0.0,133.28,-3.25
1.5720000000000012,3.25,11.28,0.0,14.53,0.0,133.28,-3.25
1.5760000000000012,3.25,11.29,0.0,14.54,0.0,133.28,-3.25
1.5800000000000012,3.25,11.3,0.0,14.55,0.0,133.28,-3.25
1.5840000000000012,3.25,11.31,0.0,14.56,0.0,133.28,-3.25
1.5880000000000012,3.25,11.32,0.0,14.57,0.0,133.28,-3.25
1.5920000000000012,3.25,11.33,0.07,14.65,0.0,133.28,-3.25
1.5960000000000012,3.25,11.34,0.0,14.59,0.0,133.28,-3.25
1.6000000000000012,3.25,11.35,0.0,14.6,0.0,133.28,-3.25
1.6040000000000012,3.25,11.36,0.0,14.61,0.0,133.28,-3.25
1.6080000000000012,3.25,11.37,0.0,14.62,0.0,133.28,-3.25
1.6120000000000012,3.25,11.38,0.0,14.63,0.0,133.28,-3.25
1.6160000000000012,3.25,11.39,-0.07,14.57,0.0,133.28,-3.25
1.6200000000000012,3.25,11.4,0.0,14.65,0.0,133.28,-3.25
1.6240000000000012,3.25,11.41,0.0,14.66,0.0,133.28,-3.25
1.6280000000000012,3.25,11.42,0.0,14.67,0.0,133.28,-3.25
1.6320000000000012,3.25,11.43,0.0,14.68,0.0,133.28,-3.25
1.6360000000000012,3.25,11.44,-0.17,14.52,0.0,133.28,-3.25
1.6400000000000012,3.25,11.45,0.0,14.7,0.0,133.28,-3.25
1.6440000000000012,3.25,11.46,0.0,14.71,0.0,133.28,-3.25
1.6480000000000012,3.25,11.47,0.0,14.72,0.0,133.28,-3.25
1.6520000000000012,3.25,11.48,0.0,14.73,0.0,133.28,-3.25
1.6560000000000012,3.25,11.49,0.0,14.74,0.0,133.28,-3.25
1.6600000000000013,3.25,11.5,-0.08,14.67,0.0,133.28,-3.25
1.6640000000000013,3.25,11.51,0.0,14.76,0.0,133.28,-3.25
1.6680000000000013,3.25,11.52,0.0,14.77,0.0,133.28,-3.25
1.6720000000000013,3.25,11.53,0.0,14.78,0.0,133.28,-3.25
1.6760000000000013,3.25,11.54,0.08,14.86,0.0,133.28,-3.25
1.6800000000000013,3.25,11.55,0.0,14.8,0.0,133.28,-3.25
1.6840000000000013,3.25,11.56,0.0,14.81,0.0,133.28,-3.25
1.6880000000000013,3.25,11.57,0.0,14.82,0.0,133.28,-3.25
1.6920000000000013,3.25,11.57,0.0,14.83,0.0,133.28,-3.25
1.6960000000000013,3.25,11.58,0.06,14.9,0.0,133.28,-3.25
1.7000000000000013,3.25,11.59,0.0,14.84,0.0,133.28,-3.25
1.7040000000000013,3.25,11.6,0.0,14.85,0.0,133.28,-3.25
1.7080000000000013,3.25,11.61,0.0,14.86,0.0,133.28,-3.25
1.7120000000000013,3.25,11.62,0.0,14.87,0.0,133.28,-3.25
1.7160000000000013,3.25,11.63,0.0,14.88,0.0,133.28,-3.25
1.7200000000000013,3.25,11.64,0.0,14.89,0.0,133.28,-3.25
1.7240000000000013,3.25,11.65,0.18,15.08,0.0,133.28,-3.25
1.7280000000000013,3.25,11.66,-0.18,14.74,0.0,133.28,-3.25
1.7320000000000013,3.25,11.67,0.0,14.92,0.0,133.28,-3.25
1.7360000000000013,3.25,11.68,0.0,14.93,0.0,133.28,-3.25
1.7400000000000013,3.25,11.69,0.0,14.94,0.0,133.28,-3.25
1.7440000000000013,3.25,11.7,0.0,14.95,0.0,133.28,-3.25
1.7480000000000013,3.25,11.71,-0.06,14.9,0.0,133.28,-3.25
1.7520000000000013,3.25,11.72,0.0,14.97,0.0,133.28,-3.25
1.7560000000000013,3.25,11.73,0.0,14.98,0.0,133.28,-3.25
1.7600000000000013,3.25,11.74,0.0,14.99,0.0,133.28,-3.25
1.7640000000000013,3.25,11.75,0.0,15.0,0.0,133.28,-3.25
1.7680000000000013,3.25,11.76,0.0,15.01,0.0,133.28,-3.25
1.7720000000000014,3.25,11.77,-0.08,14.94,0.0,133.28,-3.25
1.7760000000000014,3.25,11.78,0.0,15.03,0.0,133.28,-3.25
1.7800000000000014,3.25,11.79,-0.11,14.93,0.0,133.28,-3.25
1.7840000000000014,3.25,11.8,0.0,15.05,0.0,133.28,-3.25
1.7880000000000014,3.25,11.81,0.0,15.06,0.0,133.28,-3.25
1.7920000000000014,3.25,11.82,0.0,15.07,0.0,133.28,-3.25
1.7960000000000014,3.25,11.83,0.0,15.08,0.0,133.28,-3.25
1.8000000000000014,3.25,11.84,0.0,15.09,0.0,133.28,-3.25
1.8040000000000014,3.25,11.85,0.0,15.1,0.0,133.28,-3.25
1.8080000000000014,3.25,11.86,-0.07,15.04,0.0,133.28,-3.25
1.8120000000000014,3.25,11.87,0.0,15.12,0.0,133.28,-3.25
1.8160000000000014,3.25,11.88,0.0,15.13,0.0,133.28,-3.25
1.8200000000000014,3.25,11.89,0.0,15.14,0.0,133.28,-3.25
1.8240000000000014,3.25,11.9,0.0,15.15,0.0,133.28,-3.25
1.8280000000000014,3.25,11.91,0.0,15.16,0.0,133.28,-3.25
1.8320000000000014,3.25,11.92,0.0,15.17,0.0,133.28,-3.25
1.8360000000000014,3.25,11.93,0.0,15.18,0.0,133.28,-3.25
1.8400000000000014,3.25,11.94,0.0,15.19,0.0,133.28,-3.25
1.8440000000000014,3.25,11.95,0.0,15.2,0.0,133.28,-3.25
1.8480000000000014,3.25,11.96,0.0,15.2,0.0,133.28,-3.25
1.8520000000000014,3.25,11.96,0.0,15.21,0.0,133.28,-3.25
1.8560000000000014,3.25,11.97,0.0,15.22,0.0,133.28,-3.25
1.8600000000000014,3.25,11.98,0.0,15.23,0.0,133.28,-3.25
1.8640000000000014,3.25,11.99,0.0,15.24,0.0,133.28,-3.25
1.8680000000000014,3.25,12.0,0.07,15.32,0.0,133.28,-3.25
1.8720000000000014,3.25,12.01,0.0,15.26,0.0,133.28,-3.25
1.8760000000000014,3.25,12.02,0.0,15.27,0.0,133.28,-3.25
1.8800000000000014,3.25,12.03,0.0,15.28,0.0,133.28,-3.25
1.8840000000000015,3.25,12.04,0.18,15.48,0.0,133.28,-3.25
1.8880000000000015,3.25,12.05,0.0,15.3,0.0,133.28,-3.25
1.8920000000000015,3.25,12.06,0.0,15.31,0.0,133.28,-3.25
1.8960000000000015,3.25,12.07,-0.08,15.25,0.0,133.28,-3.25
1.9000000000000015,3.25,12.08,0.0,15.33,0.0,133.28,-3.25
1.9040000000000015,3.25,12.09,-0.11,15.23,0.0,133.28,-3.25
1.9080000000000015,3.25,12.1,0.0,15.35,0.0,133.28,-3.25
1.9120000000000015,3.25,12.11,0.0,15.36,0.0,133.28,-3.25
1.9160000000000015,3.25,12.12,0.0,15.37,0.0,133.28,-3.25
1.9200000000000015,3.25,12.13,0.0,15.38,0.0,133.28,-3.25
1.9240000000000015,3.25,12.14,0.0,15.39,0.0,133.28,-3.25
1.9280000000000015,3.25,12.15,0.0,15.4,0.0,133.28,-3.25
1.9320000000000015,3.25,12.16,-0.07,15.34,0.0,133.28,-3.25
1.9360000000000015,3.25,12.17,0.0,15.42,0.0,133.28,-3.25
1.9400000000000015,3.25,12.18,0.0,15.43,0.0,133.28,-3.25
1.9440000000000015,3.25,12.19,0.0,15.44,0.0,133.28,-3.25
1.9480000000000015,3.25,12.2,0.0,15.45,0.0,133.28,-3.25
1.9520000000000015,3.25,12.21,0.0,15.46,0.0,133.28,-3.25
1.9560000000000015,3.25,12.22,0.0,15.47,0.0,133.28,-3.25
1.9600000000000015,3.25,12.23,0.0,15.48,0.0,133.28,-3.25
1.9640000000000015,3.25,12.24,0.17,15.66,0.0,133.28,-3.25
1.9680000000000015,3.25,12.25,0.0,15.5,0.0,133.28,-3.25
1.9720000000000015,3.25,12.26,0.0,15.51,0.0,133.28,-3.25
1.9760000000000015,3.25,12.27,0.08,15.59,0.0,133.28,-3.25
1.9800000000000015,3.25,12.28,0.0,15.53,0.0,133.28,-3.25
1.9840000000000015,3.25,12.29,0.0,15.54,0.0,133.28,-3.25
1.9880000000000015,3.25,12.3,0.0,15.55,0.0,133.28,-3.25
1.9920000000000015,3.25,12.31,0.0,15.56,0.0,133.28,-3.25
1.9960000000000016,3.25,12.32,0.06,15.63,0.0,133.28,-3.25
2.0000000000000013,3.25,12.33,0.11,15.69,0.0,133.28,-3.25
2.0040000000000013,3.25,12.34,0.0,15.59,0.0,133.28,-3.25
2.0080000000000013,3.25,12.35,0.0,15.6,0.0,133.28,-3.25
2.0120000000000013,3.25,12.35,0.0,15.61,0.0,133.28,-3.25
2.0160000000000013,3.25,12.36,0.0,15.62,0.0,133.28,-3.25
2.0200000000000014,3.25,12.37,0.0,15.63,0.0,133.28,-3.25
2.0240000000000014,3.25,12.38,-0.11,15.52,0.0,133.28,-3.25
2.0280000000000014,3.25,12.39,0.0,15.64,0.0,133.28,-3.25
2.0320000000000014,3.25,12.4,0.0,15.65,0.0,133.28,-3.25
2.0360000000000014,3.25,12.41,-0.06,15.6,0.0,133.28,-3.25
2.0400000000000014,3.25,12.42,0.0,15.67,0.0,133.28,-3.25
2.0440000000000014,3.25,12.43,0.0,15.68,0.0,133.28,-3.25
2.0480000000000014,3.25,12.44,0.0,15.69,0.0,133.28,-3.25
2.0520000000000014,3.25,12.45,0.0,15.7,0.0,133.28,-3.25
2.0560000000000014,3.25,12.46,0.0,15.71,0.0,133.28,-3.25
2.0600000000000014,3.25,12.47,-0.08,15.65,0.0,133.28,-3.25
2.0640000000000014,3.25,12.48,0.08,15.81,0.0,133.28,-3.25
2.0680000000000014,3.25,12.49,0.0,15.74,0.0,133.28,-3.25
2.0720000000000014,3.25,12.5,0.0,15.75,0.0,133.28,-3.25
2.0760000000000014,3.24,12.51,-2.15,13.6,0.0,133.29,-3.24
2.0800000000000014,3.25,12.52,2.15,17.92,0.0,133.28,-3.25
2.0840000000000014,3.24,12.53,-2.15,13.62,0.0,133.29,-3.24
2.0880000000000014,3.24,12.54,0.0,15.78,0.0,133.29,-3.24
2.0920000000000014,3.24,12.55,0.0,15.79,0.0,133.29,-3.24
2.0960000000000014,3.24,12.56,-2.14,13.66,0.0,133.3,-3.24
2.1000000000000014,3.23,12.57,-0.94,14.87,0.0,133.3,-3.23
2.1040000000000014,3.23,12.58,0.0,15.81,0.0,133.3,-3.23
2.1080000000000014,3.23,12.59,0.0,15.82,0.0,133.3,-3.23
2.1120000000000014,3.23,12.6,0.0,15.83,0.0,133.3,-3.23
2.1160000000000014,3.24,12.61,0.11,15.96,0.0,133.3,-3.24
2.1200000000000014,3.23,12.62,-0.18,15.67,0.0,133.3,-3.23
2.1240000000000014,3.23,12.63,0.11,15.97,0.0,133.3,-3.23
2.1280000000000014,3.23,12.64,0.0,15.87,0.0,133.3,-3.23
2.1320000000000014,3.24,12.65,0.93,16.82,0.0,133.3,-3.24
2.1360000000000015,3.24,12.66,-0.07,15.82,0.0,133.3,-3.24
2.1400000000000015,3.23,12.67,-0.97,14.93,0.0,133.3,-3.23
2.1440000000000015,3.24,12.68,0.93,16.84,0.0,133.3,-3.24
2.1480000000000015,3.23,12.69,-0.93,14.99,0.0,133.3,-3.23
2.1520000000000015,3.23,12.7,-0.07,15.86,0.0,133.3,-3.23
2.1560000000000015,3.23,12.71,0.0,15.94,0.0,133.3,-3.23
2.1600000000000015,3.23,12.71,0.0,15.95,0.0,133.3,-3.23
2.1640000000000015,3.23,12.72,0.0,15.96,0.0,133.3,-3.23
2.1680000000000015,3.23,12.73,0.0,15.97,0.0,133.3,-3.23
2.1720000000000015,3.23,12.74,0.0,15.98,0.0,133.3,-3.23
2.1760000000000015,3.23,12.75,0.0,15.99,0.0,133.3,-3.23
2.1800000000000015,3.23,12.76,0.0,16.0,0.0,133.3,-3.23
2.1840000000000015,3.23,12.77,0.07,16.08,0.0,133.3,-3.23
2.1880000000000015,3.23,12.78,0.11,16.12,0.0,133.3,-3.23
2.1920000000000015,3.23,12.79,-0.04,15.99,0.0,133.3,-3.23
2.1960000000000015,3.24,12.8,0.11,16.15,0.0,133.3,-3.24
2.2000000000000015,3.24,12.81,3.08,19.13,0.0,133.29,-3.24
2.2040000000000015,3.24,12.82,0.0,16.07,0.0,133.29,-3.24
2.2080000000000015,3.24,12.83,0.0,16.08,0.0,133.29,-3.24
2.2120000000000015,3.24,12.84,0.0,16.09,0.0,133.29,-3.24
2.2160000000000015,3.24,12.85,0.0,16.1,0.0,133.29,-3.24
2.2200000000000015,3.24,12.86,0.0,16.1,0.0,133.29,-3.24
2.2240000000000015,3.24,12.87,0.0,16.11,0.0,133.29,-3.24
2.2280000000000015,3.24,12.88,0.0,16.12,0.0,133.29,-3.24
2.2320000000000015,3.24,12.89,0.06,16.2,0.0,133.29,-3.24
2.2360000000000015,3.24,12.9,-0.17,15.97,0.0,133.29,-3.24
2.2400000000000015,3.24,12.91,0.0,16.15,0.0,133.29,-3.24
2.2440000000000015,3.24,12.92,-2.04,14.12,0.0,133.3,-3.24
2.2480000000000016,3.24,12.93,-0.1,16.06,0.0,133.3,-3.24
2.2520000000000016,3.23,12.94,-0.86,15.31,0.0,133.3,-3.23
2.2560000000000016,3.24,12.95,3.08,19.27,0.0,133.29,-3.24
2.2600000000000016,3.24,12.96,-0.07,16.13,0.0,133.29,-3.24
2.2640000000000016,3.24,12.97,0.0,16.21,0.0,133.29,-3.24
2.2680000000000016,3.24,12.98,-0.07,16.15,0.0,133.29,-3.24
2.2720000000000016,3.24,12.99,-0.1,16.13,0.0,133.29,-3.24
2.2760000000000016,3.24,13.0,0.1,16.34,0.0,133.29,-3.24
2.2800000000000016,3.24,13.01,-0.1,16.15,0.0,133.29,-3.24
2.2840000000000016,3.24,13.02,0.17,16.43,0.0,133.29,-3.24
2.2880000000000016,3.24,13.03,0.0,16.27,0.0,133.29,-3.24
2.2920000000000016,3.24,13.04,-0.07,16.21,0.0,133.29,-3.24
2.2960000000000016,3.24,13.05,0.07,16.36,0.0,133.29,-3.24
2.3000000000000016,3.24,13.06,0.0,16.3,0.0,133.29,-3.24
2.3040000000000016,3.25,13.06,2.32,18.64,0.0,133.28,-3.25
2.3080000000000016,3.25,13.07,0.0,16.33,0.0,133.28,-3.25
2.3120000000000016,3.25,13.08,0.0,16.34,0.0,133.28,-3.25
2.3160000000000016,3.25,13.09,0.0,16.35,0.0,133.28,-3.25
2.3200000000000016,3.25,13.1,0.0,16.35,0.0,133.28,-3.25
2.3240000000000016,3.25,13.11,0.0,16.36,0.0,133.28,-3.25
2.3280000000000016,3.25,13.12,0.0,16.37,0.0,133.28,-3.25
2.3320000000000016,3.25,13.13,0.0,16.38,0.0,133.28,-3.25
2.3360000000000016,3.25,13.14,0.0,16.39,0.0,133.28,-3.25
2.3400000000000016,3.25,13.15,0.0,16.4,0.0,133.28,-3.25
2.3440000000000016,3.25,13.16,0.0,16.41,0.0,133.28,-3.25
2.3480000000000016,3.25,13.17,0.0,16.42,0.0,133.28,-3.25
2.3520000000000016,3.25,13.18,0.0,16.43,0.0,133.28,-3.25
2.3560000000000016,3.25,13.19,0.07,16.51,0.0,133.28,-3.25
2.3600000000000017,3.25,13.2,0.0,16.45,0.0,133.28,-3.25
2.3640000000000017,3.25,13.21,0.0,16.46,0.0,133.28,-3.25
2.3680000000000017,3.25,13.22,0.0,16.47,0.0,133.28,-3.25
2.3720000000000017,3.25,13.23,0.0,16.48,0.0,133.28,-3.25
2.3760000000000017,3.25,13.24,0.0,16.49,0.0,133.28,-3.25
2.3800000000000017,3.25,13.25,0.0,16.5,0.0,133.28,-3.25
2.3840000000000017,3.25,13.26,-0.11,16.4,0.0,133.28,-3.25
2.3880000000000017,3.25,13.27,0.07,16.59,0.0,133.28,-3.25
2.3920000000000017,3.25,13.28,0.0,16.53,0.0,133.28,-3.25
2.3960000000000017,3.25,13.29,-0.07,16.47,0.0,133.28,-3.25
2.4000000000000017,3.25,13.3,0.0,16.55,0.0,133.28,-3.25
2.4040000000000017,3.24,13.31,-2.14,14.41,0.0,133.29,-3.24
2.4080000000000017,3.25,13.32,2.14,18.71,0.0,133.28,-3.25
2.4120000000000017,3.25,13.33,0.0,16.58,0.0,133.28,-3.25
2.4160000000000017,3.25,13.34,0.0,16.59,0.0,133.28,-3.25
2.4200000000000017,3.25,13.35,0.07,16.67,0.0,133.28,-3.25
2.4240000000000017,3.25,13.36,0.0,16.61,0.0,133.28,-3.25
2.4280000000000017,3.25,13.37,0.0,16.62,0.0,133.28,-3.25
2.4320000000000017,3.24,13.38,-2.15,14.48,0.0,133.29,-3.24
2.4360000000000017,3.24,13.39,0.0,16.63,0.0,133.29,-3.24
2.4400000000000017,3.24,13.4,0.11,16.75,0.0,133.29,-3.24
2.4440000000000017,3.24,13.41,0.0,16.65,0.0,133.29,-3.24
2.4480000000000017,3.25,13.42,0.11,16.77,0.0,133.29,-3.25
2.4520000000000017,3.24,13.43,-0.07,16.6,0.0,133.29,-3.24
2.4560000000000017,3.24,13.44,0.0,16.68,0.0,133.29,-3.24
2.4600000000000017,3.25,13.45,0.07,16.76,0.0,133.29,-3.25
2.4640000000000017,3.24,13.45,-0.17,16.53,0.0,133.29,-3.24
2.4680000000000017,3.24,13.46,0.11,16.82,0.0,133.29,-3.24
2.4720000000000018,3.24,13.47,-2.15,14.57,0.0,133.3,-3.24
2.4760000000000018,3.24,13.48,2.04,18.77,0.0,133.29,-3.24
2.4800000000000018,3.24,13.49,-2.04,14.69,0.0,133.3,-3.24
2.4840000000000018,3.24,13.5,0.07,16.81,0.0,133.29,-3.24
2.4880000000000018,3.24,13.51,0.0,16.75,0.0,133.29,-3.24
2.4920000000000018,3.24,13.52,0.0,16.76,0.0,133.29,-3.24
2.4960000000000018,3.25,13.53,2.15,18.92,0.0,133.29,-3.25
2.5000000000000018,3.25,13.54,0.0,16.79,0.0,133.29,-3.25
